parcellation_index,organ,category,division,structure,substructure,count,min,max,sum,sum_squared,mean
1,brain,grey,HY,TMv,TMv,6931.0,10.0,287.0,1206736.0,217749652.0,174.10705525898138
2,brain,grey,Isocortex,SSp-m,SSp-m6b,7339.0,79.0,390.0,1159015.0,187782723.0,157.92546668483445
5,brain,fiber tracts,lfbs,cst,int,152172.0,5.0,537.0,5485687.0,294722035.0,36.04925347632942
6,brain,grey,P,PSV,PSV,70327.0,7.0,268.0,6923795.0,815859947.0,98.45144823467515
8,brain,grey,Isocortex,SSp-tr,SSp-tr6a,14877.0,149.0,2040.0,5704977.0,483791947.0,383.4763057067957
9,brain,grey,MB,SCm,SCig,130357.0,26.0,439.0,28408441.0,4487477595.0,217.92800540055387
11,brain,grey,MB,IF,IF,5559.0,21.0,457.0,997668.0,155037690.0,179.46896923907178
13,brain,grey,TH,PT,PT,14706.0,78.0,2788.0,5158814.0,476117456.0,350.796545627635
15,brain,grey,MB,SCm,SCiw,133937.0,38.0,484.0,32487087.0,4231213857.0,242.55498480628953
17,brain,grey,HPF,IG,IG,7958.0,2.0,1114.0,1789291.0,199345493.0,224.8417944207087
18,brain,grey,HPF,ENTl,ENTl2,102602.0,17.0,1503.0,22551538.0,3809063052.0,219.79628077425392
21,brain,grey,STR,AAA,AAA,31652.0,20.0,685.0,8496331.0,1051336661.0,268.42951472260836
23,brain,grey,MB,SCm,SCdg,76483.0,21.0,436.0,17582339.0,2303515195.0,229.8855824170077
24,brain,grey,TH,IGL,IGL,4415.0,23.0,218.0,438202.0,45933928.0,99.25300113250283
25,brain,grey,HPF,ENTl,ENTl6a,67154.0,32.0,2254.0,17297200.0,2255910952.0,257.5751258301814
27,brain,grey,HY,PVa,PVa,3191.0,50.0,226.0,469669.0,73798451.0,147.18552178000627
29,brain,grey,Isocortex,VISp,VISp6a,68387.0,113.0,2608.0,22413761.0,2143826837.0,327.7488557766827
31,brain,grey,MB,III,III,2084.0,43.0,183.0,248851.0,30590165.0,119.41026871401152
32,brain,grey,Isocortex,GU,GU1,12588.0,5.0,503.0,2907717.0,398694235.0,230.9911820781697
34,brain,grey,HY,PVH,PVH,12076.0,47.0,801.0,2923294.0,368969186.0,242.0746936071547
36,brain,grey,Isocortex,VISpm,VISpm2/3,18770.0,134.0,2181.0,6504415.0,604877861.0,346.5324986680874
37,brain,grey,MB,SCm,SCdw,21283.0,27.0,337.0,4081143.0,685929933.0,191.75600244326458
45,brain,grey,MB,PAG,PRC,10968.0,11.0,377.0,1937189.0,347233793.0,176.62190007293947
47,brain,grey,HPF,ENTl,ENTl3,84281.0,51.0,1634.0,24508042.0,2523770802.0,290.78964416653815
49,brain,fiber tracts,mfbs,mfsbshy,mfb,3186.0,64.0,282.0,459250.0,70260870.0,144.14626490897678
51,brain,grey,STR,ACB,ACB,281489.0,28.0,2799.0,109032090.0,9243263816.0,387.3404999840136
53,brain,grey,MB,MT,MT,2753.0,8.0,415.0,494578.0,73774470.0,179.65056302215766
54,brain,grey,TH,IMD,IMD,11270.0,115.0,468.0,3031298.0,329036584.0,268.97054125998227
57,brain,fiber tracts,cm,IIIn,mlf,9452.0,7.0,149.0,191889.0,5888387.0,20.30141768937791
58,brain,grey,HY,PVHd,PVHd,8369.0,55.0,479.0,2669248.0,280034932.0,318.9446767833672
59,brain,grey,TH,AD,AD,10248.0,23.0,608.0,3015304.0,318192030.0,294.23341139734583
61,brain,grey,MB,LT,LT,1147.0,30.0,344.0,122610.0,14062758.0,106.89625108979948
62,brain,grey,MB,PAG,INC,5086.0,24.0,183.0,363993.0,30100335.0,71.56763664962642
63,brain,grey,Isocortex,FRP,FRP1,16219.0,3.0,601.0,3325335.0,554778561.0,205.0271286762439
67,brain,grey,HY,ADP,ADP,6385.0,167.0,522.0,2308961.0,213948135.0,361.6227094753328
69,brain,grey,Isocortex,VISl,VISl6a,13260.0,162.0,2776.0,4072654.0,385855896.0,307.1383107088989
70,brain,grey,MB,DT,DT,725.0,11.0,191.0,59026.0,6032328.0,81.4151724137931
73,brain,fiber tracts,cbf,cbp,mcp,69910.0,1.0,116.0,692788.0,8992074.0,9.909712487483908
76,brain,VS,VL,VL-unassigned,VL-unassigned,137710.0,0.0,853.0,7251781.0,764914363.0,52.659799578825066
78,brain,grey,MY,IO,IO,32619.0,14.0,230.0,2390650.0,215897960.0,73.29010699285692
79,brain,grey,Isocortex,PL,PL6a,29663.0,59.0,1433.0,9056223.0,966014875.0,305.303677982672
83,brain,grey,HY,AHN,AHN,45466.0,56.0,827.0,13240890.0,1566738158.0,291.22619099986804
86,brain,grey,CB,IP,IP,55134.0,22.0,318.0,6824296.0,938726980.0,123.77654441905176
88,brain,fiber tracts,cm,Vn,moV,3816.0,2.0,59.0,24601.0,208745.0,6.446802935010482
91,brain,grey,MY,DCO,DCO,39123.0,19.0,559.0,6677145.0,982338531.0,170.67057740970785
92,brain,grey,Isocortex,TEa,TEa1,34006.0,3.0,903.0,7608911.0,1159076339.0,223.75201435040876
93,brain,VS,VL,SEZ,SEZ,8738.0,5.0,430.0,1102748.0,153005124.0,126.20141908903639
95,brain,grey,MB,IPN,IPN-unassigned,777.0,37.0,257.0,80178.0,9316242.0,103.1891891891892
96,brain,grey,MY,VCO,VCO,65124.0,8.0,417.0,5704030.0,620045518.0,87.58721822983846
97,brain,fiber tracts,eps,epsc,nst,7192.0,15.0,285.0,711163.0,86397147.0,98.88250834260289
100,brain,grey,P,SOC,SOCm,12516.0,27.0,172.0,922712.0,73712338.0,73.72259507829978
101,brain,grey,MY,ISN,ISN,460.0,100.0,293.0,83754.0,15001246.0,182.07391304347826
103,brain,VS,VL,chpl,chpl,92456.0,0.0,427.0,3141259.0,189276253.0,33.97571817945834
108,brain,grey,Isocortex,SSp-ll,SSp-ll2/3,41382.0,98.0,1671.0,17173718.0,1362091304.0,415.0045430380359
109,brain,grey,P,SOC,SOCl,21655.0,11.0,271.0,1846642.0,190346064.0,85.27554837220042
110,brain,grey,MB,IV,IV,454.0,52.0,324.0,103346.0,15438524.0,227.63436123348018
112,brain,fiber tracts,cm,IIn,och,19633.0,2.0,72.0,271546.0,4836932.0,13.831100697804716
113,brain,grey,HY,PVi,PVi,12826.0,24.0,362.0,2079223.0,345260635.0,162.11001091532825
115,brain,grey,Isocortex,AIp,AIp1,27060.0,3.0,564.0,7617434.0,893879026.0,281.50162601626016
116,brain,grey,Isocortex,VISl,VISl6b,2465.0,106.0,923.0,535924.0,95594132.0,217.4133874239351
117,brain,grey,P,SOC,POR,23362.0,7.0,189.0,1232925.0,83844673.0,52.77480523927746
118,brain,grey,P,PB,KF,11222.0,9.0,236.0,1048413.0,111870769.0,93.42479058991267
120,brain,fiber tracts,cm,IIn,opt,44749.0,0.0,231.0,801332.0,23698248.0,17.907260497441282
121,brain,grey,HY,PVp,PVp,8126.0,7.0,436.0,1044679.0,149075743.0,128.5600541471819
123,brain,grey,MB,MRN,MRN,329045.0,2.0,310.0,25782823.0,2296289527.0,78.3565257031713
124,brain,VS,V3,V3-unassigned,V3-unassigned,57603.0,0.0,494.0,3665056.0,405318538.0,63.62613058347655
126,brain,grey,CTXsp,LA,LA,53680.0,5.0,3348.0,20295172.0,1759541114.0,378.0769746646796
127,brain,grey,Isocortex,PL,PL6b,1371.0,99.0,348.0,241143.0,41893611.0,175.88840262582056
128,brain,grey,HY,PVpo,PVpo,9158.0,44.0,330.0,1544890.0,259834438.0,168.69294605809128
131,brain,grey,MY,IRN,IRN,177667.0,0.0,244.0,16638119.0,1736698661.0,93.6477736439519
134,brain,grey,HPF,ENTl,ENTl5,91401.0,42.0,2894.0,28422769.0,2703675533.0,310.967812168357
135,brain,VS,AQ,AQ,AQ,25997.0,0.0,705.0,1187556.0,131905656.0,45.68050159633804
138,brain,grey,MY,AMB,AMBv,1404.0,44.0,197.0,129592.0,12687766.0,92.3019943019943
140,brain,VS,V4,V4-unassigned,V4-unassigned,32104.0,0.0,474.0,1970987.0,217615445.0,61.39381385497134
141,brain,grey,P,PRNr,PRNr,151264.0,1.0,212.0,10600138.0,798498212.0,70.07707055214723
142,brain,grey,P,LC,LC,931.0,74.0,270.0,171834.0,32607858.0,184.56928034371643
143,brain,grey,Isocortex,GU,GU4,9427.0,101.0,1119.0,3551185.0,310121513.0,376.7036172695449
144,brain,grey,TH,PVT,PVT,28430.0,2.0,1710.0,7828064.0,887948642.0,275.345198733732
148,brain,VS,V4,V4r,V4r,29653.0,1.0,485.0,1949013.0,190597835.0,65.72734630560146
150,brain,grey,TH,LD,LD,65017.0,11.0,721.0,16203094.0,2238625330.0,249.21319039635787
151,brain,grey,Isocortex,AUDd,AUDd6a,11802.0,152.0,1121.0,3485164.0,348955478.0,295.30283002880867
153,brain,fiber tracts,cm,IIIn,pc,3358.0,14.0,210.0,207312.0,16253836.0,61.736748064324004
154,brain,grey,OLF,AON,AON,311188.0,25.0,5983.0,100888531.0,9937012129.0,324.2044391171896
157,brain,grey,P,LDT,LDT,13054.0,49.0,1038.0,3220053.0,452058557.0,246.67174812318063
158,brain,grey,Isocortex,AIp,AIp2/3,51401.0,51.0,1221.0,13424425.0,1704224471.0,261.1705025194062
159,brain,VS,c,c,c,31.0,62.0,173.0,4279.0,622471.0,138.03225806451613
164,brain,grey,MY,PRP,PRP,15398.0,41.0,273.0,1855705.0,234552639.0,120.51597610079232
166,brain,grey,Isocortex,PL,PL1,33240.0,10.0,1262.0,12639199.0,1080902421.0,380.2406438026474
167,brain,grey,HY,RCH,RCH,9449.0,15.0,992.0,1535569.0,263111359.0,162.51127103397184
170,brain,grey,MY,NR,NR,1943.0,71.0,348.0,376481.0,65570717.0,193.76273803396808
171,brain,grey,TH,LGv,LGv,25892.0,27.0,1648.0,3651902.0,508120316.0,141.0436428240383
173,brain,grey,Isocortex,GU,GU2/3,25735.0,37.0,1383.0,7722286.0,874047558.0,300.0693996502817
174,brain,grey,TH,RE,RE,27167.0,115.0,959.0,9532663.0,849746695.0,350.89126513785106
179,brain,grey,TH,LH,LH,22133.0,18.0,411.0,4049467.0,616097803.0,182.9606018162924
180,brain,grey,Isocortex,GU,GU5,34860.0,40.0,1468.0,11502488.0,1126515262.0,329.962363740677
181,brain,grey,OLF,AOB,AOBgl,9886.0,38.0,404.0,1441336.0,220427246.0,145.79567064535706
182,brain,grey,TH,RH,RH,5829.0,118.0,661.0,1478175.0,201408315.0,253.58980957282552
183,brain,fiber tracts,lfbs,cst,py,35873.0,1.0,29.0,307322.0,2857696.0,8.566944498648008
187,brain,grey,HY,LHA,LHA,132570.0,4.0,577.0,15956358.0,2122520422.0,120.36175605340574
189,brain,grey,OLF,AOB,AOBgr,10076.0,45.0,377.0,1347641.0,193506889.0,133.7476181024216
190,brain,grey,MB,RL,RL,3546.0,11.0,209.0,207102.0,17947700.0,58.404399323181046
191,brain,fiber tracts,lfbs,cst,pyd,4412.0,2.0,39.0,55707.0,858435.0,12.626246600181323
194,brain,grey,Isocortex,SSp-bfd,SSp-bfd2/3,97044.0,138.0,3614.0,39343632.0,3172283928.0,405.4205515024113
195,brain,grey,MY,MV,MV,116330.0,8.0,456.0,14638017.0,1989366723.0,125.83183185764635
196,brain,grey,MY,LIN,LIN,3948.0,34.0,295.0,428516.0,52699464.0,108.54002026342452
197,brain,grey,OLF,AOB,AOBmi,17668.0,58.0,367.0,3846258.0,623474616.0,217.69628707267375
199,brain,grey,MY,RM,RM,7657.0,18.0,173.0,630027.0,58440843.0,82.2811806190414
200,brain,grey,MY,AP,AP,3397.0,15.0,427.0,278062.0,25080594.0,81.85516632322637
202,brain,grey,MY,LAV,LAV,18403.0,9.0,271.0,1007619.0,70834607.0,54.752975058414386
203,brain,grey,HY,LM,LM,4951.0,4.0,426.0,644378.0,84069512.0,130.15108058977984
204,brain,grey,Isocortex,ACAd,ACAd2/3,39098.0,137.0,2856.0,14869094.0,1303886452.0,380.3031868637782
207,brain,grey,MB,RN,RN,50443.0,16.0,195.0,3575393.0,280506963.0,70.87986440140357
208,brain,grey,MB,APN,APN,81666.0,8.0,368.0,11671823.0,1759360689.0,142.92144833835377
210,brain,grey,MY,SUV,SUV,22659.0,19.0,438.0,1805433.0,161369315.0,79.67840593141798
211,brain,grey,TH,LP,LP,77053.0,13.0,407.0,12327721.0,2023805955.0,159.99014963726268
213,brain,grey,OLF,MOB,MOBgr,331664.0,3.0,812.0,48947285.0,7839293503.0,147.58094034926913
215,brain,grey,MY,RO,RO,2455.0,11.0,154.0,110736.0,5907116.0,45.10631364562118
216,brain,grey,HY,ARH,ARH,18325.0,10.0,262.0,1748391.0,194555543.0,95.41015006821283
218,brain,grey,MY,SPIV,SPIV,47927.0,8.0,350.0,3682913.0,324157903.0,76.84422142007637
219,brain,grey,HY,LPO,LPO,35519.0,40.0,513.0,6791710.0,992418438.0,191.21343506292408
221,brain,grey,OLF,MOB,MOBipl,66301.0,3.0,1230.0,13655469.0,2310605525.0,205.9617351171174
222,brain,fiber tracts,cm,Vn,sV,44518.0,0.0,63.0,177906.0,1120042.0,3.9962711712116445
223,brain,grey,MY,RPA,RPA,4336.0,2.0,118.0,98411.0,3844357.0,22.696263837638377
224,brain,grey,MB,AT,AT,2757.0,29.0,148.0,216784.0,17922554.0,78.63039535727239
226,brain,grey,Isocortex,VISal,VISal5,13011.0,198.0,1660.0,4889503.0,429443433.0,375.7976327722696
227,brain,grey,Isocortex,TEa,TEa4,19976.0,131.0,838.0,6379958.0,620308058.0,319.38115738886665
229,brain,grey,OLF,MOB,MOBmi,68709.0,5.0,929.0,18425337.0,2251570665.0,268.1648255687028
230,brain,fiber tracts,cm,Xn,ts,599.0,45.0,184.0,60205.0,6483237.0,100.50918196994992
231,brain,grey,P,RPO,RPO,6164.0,9.0,187.0,281733.0,15820335.0,45.70619727449708
236,brain,grey,Isocortex,AUDd,AUDd6b,1938.0,67.0,522.0,401697.0,78094909.0,207.27399380804954
237,brain,grey,OLF,MOB,MOBopl,322657.0,1.0,1066.0,113111012.0,10545747380.0,350.5611593735763
239,brain,grey,MB,RR,RR,8846.0,36.0,233.0,998535.0,121609547.0,112.87983269274248
242,brain,grey,Isocortex,AUDpo,AUDpo6a,5049.0,147.0,1983.0,1587025.0,158312627.0,314.32461873638346
243,brain,grey,STR,LSc,LSc,36018.0,12.0,2795.0,8356277.0,1129737119.0,232.00280415347882
244,brain,grey,Isocortex,AUDp,AUDp2/3,30166.0,139.0,2425.0,10703239.0,975996259.0,354.8113438971027
245,brain,grey,Isocortex,AUDd,AUDd5,21944.0,97.0,1839.0,8584841.0,750974589.0,391.21586766314255
248,brain,grey,TH,AV,AV,26622.0,27.0,769.0,8235007.0,869625637.0,309.33089174367063
250,brain,grey,Isocortex,VISpm,VISpm6a,9662.0,147.0,1426.0,3387892.0,323295038.0,350.6408611053612
251,brain,grey,STR,LSr,LSr,120383.0,15.0,1324.0,28783365.0,3896884889.0,239.09825307560038
253,brain,grey,OLF,NLOT,NLOT1,7131.0,82.0,1886.0,1970910.0,247441828.0,276.3862010938157
255,brain,grey,TH,RT,RT,92624.0,22.0,1532.0,13513481.0,1899826827.0,145.8961068405597
256,brain,grey,HY,AVP,AVP,5898.0,117.0,399.0,1803166.0,186100502.0,305.72499152255
258,brain,grey,STR,LSv,LSv,38886.0,54.0,614.0,10887426.0,1130168782.0,279.9831816077766
260,brain,grey,OLF,NLOT,NLOT2,9563.0,138.0,1101.0,3087018.0,312013832.0,322.8085328871693
261,brain,grey,Isocortex,VISpl,VISpl2/3,13341.0,99.0,1781.0,3791387.0,459843635.0,284.1906153961472
263,brain,grey,MB,SAG,SAG,6286.0,69.0,312.0,1164344.0,215010322.0,185.228125994273
264,brain,grey,HY,AVPV,AVPV,11711.0,41.0,438.0,2154196.0,312579902.0,183.9463752028008
265,brain,grey,Isocortex,RSPd,RSPd6a,48445.0,31.0,2683.0,12723257.0,1613869877.0,262.63302714418415
270,brain,grey,Isocortex,RSPagl,RSPagl6b,2311.0,80.0,1266.0,395994.0,66038192.0,171.35179575941152
271,brain,grey,P,B,B,994.0,137.0,326.0,210185.0,43119343.0,211.45372233400403
272,brain,grey,Isocortex,VISam,VISam1,8602.0,15.0,594.0,2992541.0,284120375.0,347.8889793071379
276,brain,grey,HY,SCH,SCH,4229.0,28.0,301.0,648043.0,105997471.0,153.23788129581462
277,brain,grey,PAL,BAC,BAC,483.0,81.0,723.0,102085.0,14760553.0,211.35610766045548
278,brain,grey,Isocortex,ORBvl,ORBvl2/3,33502.0,124.0,2201.0,11411118.0,1132272272.0,340.61005313115635
279,brain,grey,Isocortex,TEa,TEa5,60878.0,153.0,1928.0,19323199.0,1837144671.0,317.4085712408423
282,brain,grey,STR,BA,BA,1603.0,48.0,415.0,448399.0,47242129.0,279.72489082969435
286,brain,grey,Isocortex,ACAv,ACAv2/3,32601.0,94.0,1819.0,12585020.0,1095302194.0,386.0317168185025
288,brain,grey,PAL,MA,MA,23333.0,18.0,1346.0,3484420.0,533935698.0,149.33441906312947
291,brain,fiber tracts,mfbs,mfbc,st,21358.0,13.0,583.0,2055110.0,244474352.0,96.22202453413242
293,brain,grey,CTXsp,BLA,BLAa,49305.0,99.0,2240.0,22058494.0,1606553554.0,447.3885812797891
294,brain,grey,Isocortex,PL,PL2/3,26811.0,96.0,2149.0,10008402.0,900582262.0,373.2946178807206
295,brain,grey,Isocortex,VISp,VISp6b,10644.0,87.0,2082.0,2517613.0,389357001.0,236.52884254039836
297,brain,grey,MY,MARN,MARN,34099.0,14.0,177.0,2093868.0,148424554.0,61.40555441508548
300,brain,grey,STR,SF,SF,30348.0,11.0,600.0,2937808.0,350609960.0,96.80400685382892
301,brain,grey,CTXsp,BLA,BLAp,45512.0,123.0,2718.0,17196289.0,1509018807.0,377.8407672701705
303,brain,grey,MB,MB-unassigned,MB-unassigned,433116.0,1.0,611.0,57799780.0,7935626024.0,133.45103852085816
304,brain,grey,Isocortex,AIp,AIp6a,27900.0,98.0,1040.0,8131870.0,939081226.0,291.4648745519713
308,brain,grey,P,SG,SG,1111.0,83.0,317.0,232286.0,39289874.0,209.07830783078307
310,brain,grey,Isocortex,MOp,MOp1,85116.0,1.0,806.0,25902653.0,2837804617.0,304.3217843883641
311,brain,grey,TH,SubG,SubG,1725.0,65.0,296.0,279513.0,46607269.0,162.03652173913042
315,brain,grey,TH,SGN,SGN,11633.0,21.0,240.0,1411502.0,186476286.0,121.33602682025273
316,brain,fiber tracts,cbf,cbp,scp,28945.0,3.0,118.0,811875.0,30265285.0,28.048885817930557
317,brain,grey,CTXsp,BMA,BMAa,49159.0,98.0,1623.0,15305144.0,1474489848.0,311.3396122785248
318,brain,grey,Isocortex,AId,AId2/3,59244.0,109.0,1293.0,18321209.0,1982243075.0,309.25003375869284
320,brain,grey,Isocortex,RSPd,RSPd6b,2047.0,84.0,868.0,315189.0,48445027.0,153.9760625305325
322,brain,grey,HY,ASO,ASO,388.0,275.0,435.0,128999.0,13703625.0,332.4716494845361
323,brain,grey,STR,SH,SH,2380.0,72.0,829.0,681024.0,76562544.0,286.14453781512606
324,brain,grey,CTXsp,BMA,BMAp,45909.0,100.0,3387.0,16534723.0,1552717867.0,360.16299636236903
325,brain,grey,Isocortex,PERI,PERI6a,3437.0,114.0,801.0,869524.0,119510486.0,252.98923479778878
326,brain,fiber tracts,cm,IIn,csc,1753.0,46.0,208.0,192465.0,22030397.0,109.79178551055334
328,brain,grey,HY,SFO,SFO,1382.0,19.0,371.0,144419.0,17666047.0,104.5
332,brain,grey,PAL,SI,SI,193782.0,23.0,1961.0,48031660.0,6215836632.0,247.8644043306396
334,brain,grey,Isocortex,AIp,AIp5,48165.0,24.0,2201.0,15116400.0,1550958368.0,313.84615384615387
337,brain,grey,HY,SBPV,SBPV,7008.0,86.0,414.0,1682720.0,233315650.0,240.11415525114154
339,brain,fiber tracts,mfbs,mfsbshy,sup,1672.0,13.0,160.0,110835.0,8540823.0,66.28887559808612
340,brain,grey,P,SLC,SLC,1694.0,41.0,321.0,213072.0,28964648.0,125.78040141676506
341,brain,grey,PAL,BST,BST,85792.0,17.0,912.0,27755180.0,2815351008.0,323.517111152555
344,brain,grey,MY,MY-unassigned,MY-unassigned,340254.0,0.0,473.0,11842341.0,963033645.0,34.80441376148407
345,brain,grey,Isocortex,AIp,AIp6b,1323.0,114.0,353.0,311626.0,46121548.0,235.54497354497354
346,brain,grey,HY,PST,PST,816.0,43.0,203.0,88532.0,10926776.0,108.49509803921569
348,brain,grey,P,SLD,SLD,3015.0,36.0,308.0,554138.0,101683422.0,183.79369817578774
352,brain,grey,TH,MD,MD,88198.0,18.0,737.0,20622787.0,3020066435.0,233.82374883784212
353,brain,grey,Isocortex,PL,PL5,63042.0,81.0,2865.0,24243413.0,1955048129.0,384.5597062275943
354,brain,grey,HY,PSTN,PSTN,10628.0,39.0,312.0,1852784.0,332878402.0,174.3304478735416
356,brain,grey,TH,SMT,SMT,19682.0,42.0,557.0,5197397.0,588750377.0,264.0685397825424
358,brain,grey,Isocortex,PERI,PERI6b,843.0,74.0,325.0,151380.0,27280818.0,179.5729537366548
362,brain,grey,MY,ICB,ICB,3458.0,17.0,87.0,132693.0,5531713.0,38.37275882012724
364,brain,grey,MB,SNc,SNc,12629.0,54.0,417.0,2498159.0,372467427.0,197.8113073085755
367,brain,grey,Isocortex,VISpl,VISpl6a,6870.0,131.0,2426.0,2027162.0,223177344.0,295.0745269286754
370,brain,fiber tracts,cm,drt,cuf,1427.0,12.0,114.0,38811.0,1270729.0,27.19761737911703
371,brain,grey,MB,SNr,SNr,99080.0,18.0,481.0,20058439.0,2748404785.0,202.44690149374242
372,brain,grey,HPF,CA1,CA1-unassigned,1.0,139.0,139.0,139.0,19321.0,139.0
380,brain,grey,HY,SO,SO,2998.0,12.0,383.0,534925.0,75737469.0,178.42728485657105
381,brain,grey,HPF,CA1,CA1slm,123518.0,12.0,2486.0,51247115.0,4017501289.0,414.8959260998397
383,brain,grey,Isocortex,VISpl,VISpl6b,551.0,129.0,463.0,118825.0,20641795.0,215.65335753176043
387,brain,fiber tracts,eps,rust,vtd,2380.0,11.0,76.0,61408.0,1781744.0,25.80168067226891
389,brain,grey,HPF,CA1,CA1so,230807.0,3.0,2486.0,93439844.0,7535276534.0,404.8397318972128
391,brain,grey,Isocortex,VISam,VISam4,3859.0,214.0,2136.0,1606578.0,130646364.0,416.3197719616481
393,brain,grey,STR,MEA,MEA,129772.0,7.0,1518.0,34762001.0,4111363691.0,267.8698101285331
397,brain,grey,HPF,CA1,CA1sp,60050.0,87.0,1530.0,23024280.0,2022811214.0,383.41848459616983
402,brain,grey,Isocortex,ORBl,ORBl2/3,39769.0,73.0,1747.0,14974097.0,1297809419.0,376.5268676607408
403,brain,fiber tracts,cm,VIIIn,vVIIIn,16023.0,2.0,40.0,148393.0,1589285.0,9.261249453910004
404,brain,grey,TH,SPFm,SPFm,4449.0,81.0,964.0,1053996.0,176176550.0,236.90627107215104
405,brain,grey,HPF,CA1,CA1sr,238992.0,19.0,2900.0,100935151.0,7956165511.0,422.3369443328647
411,brain,grey,Isocortex,VISl,VISl1,11854.0,20.0,493.0,2822479.0,412091399.0,238.1035093639278
412,brain,grey,TH,SPFp,SPFp,8597.0,31.0,217.0,894189.0,100678615.0,104.01174828428522
417,brain,grey,Isocortex,ECT,ECT2/3,30445.0,97.0,2890.0,7119615.0,1030184385.0,233.85169978650023
418,brain,fiber tracts,mfbs,mfbc,mct,522.0,107.0,421.0,117544.0,18840496.0,225.18007662835248
419,brain,grey,MY,SPVC,SPVC,107628.0,0.0,321.0,12400505.0,1603243703.0,115.21634704723678
420,brain,grey,Isocortex,RSPv,RSPv2/3,65218.0,14.0,3287.0,20723706.0,2105856170.0,317.7605262350885
421,brain,grey,HPF,CA2,CA2slm,7708.0,162.0,1432.0,4105041.0,254416515.0,532.5688894654904
423,brain,grey,Isocortex,VISam,VISam5,14542.0,162.0,2331.0,5719190.0,464096970.0,393.2877183331041
424,brain,grey,Isocortex,RSPd,RSPd2/3,62330.0,6.0,2945.0,22793587.0,2010196261.0,365.69207444248354
426,brain,fiber tracts,mfbs,mfbc,fx,17218.0,23.0,334.0,1656585.0,190639065.0,96.2123940062725
427,brain,grey,MY,SPVI,SPVI,118142.0,6.0,312.0,11505097.0,1330068343.0,97.38363156201859
428,brain,grey,HPF,CA2,CA2so,8458.0,19.0,1017.0,4364968.0,274111760.0,516.075668006621
430,brain,grey,Isocortex,ORBl,ORBl6a,30562.0,44.0,1402.0,7514631.0,1042420437.0,245.8815195340619
431,brain,grey,Isocortex,VISam,VISam6b,1595.0,86.0,613.0,326720.0,54658000.0,204.84012539184954
432,brain,grey,Isocortex,RSPd,RSPd1,52969.0,8.0,972.0,15414220.0,1666369986.0,291.0045498310333
433,brain,fiber tracts,mfbs,mfbc,dhc,60981.0,7.0,243.0,3992017.0,323592777.0,65.4632918450009
435,brain,grey,MY,SPVO,SPVO,63978.0,12.0,298.0,5917995.0,674070251.0,92.50046891118822
436,brain,grey,HPF,CA2,CA2sp,3841.0,174.0,1343.0,2269141.0,130847743.0,590.7682895079406
438,brain,grey,Isocortex,ORBl,ORBl1,24007.0,11.0,850.0,7570068.0,735362370.0,315.3275294705711
439,brain,fiber tracts,mfbs,mfbc,vhc,4226.0,13.0,198.0,241634.0,16319412.0,57.177946048272595
440,brain,grey,Isocortex,SSp-ul,SSp-ul1,29562.0,8.0,1014.0,8716892.0,926152348.0,294.8681415330492
441,brain,grey,CTXsp,BLA,BLAv,26796.0,147.0,2334.0,8964397.0,881508629.0,334.54235706821913
442,brain,grey,HY,MEPO,MEPO,2595.0,64.0,484.0,564983.0,79052593.0,217.7198458574181
444,brain,grey,HPF,CA2,CA2sr,10400.0,189.0,1594.0,5235322.0,339148944.0,503.39634615384614
446,brain,grey,Isocortex,AUDpo,AUDpo6b,1140.0,51.0,2139.0,252876.0,44629626.0,221.82105263157894
451,brain,grey,Isocortex,SSp-tr,SSp-tr6b,2195.0,114.0,976.0,519064.0,75447638.0,236.47562642369022
456,brain,fiber tracts,mfbs,mfbc,alv,89906.0,3.0,942.0,12184883.0,1689896611.0,135.52914154783886
459,brain,grey,Isocortex,VISpm,VISpm6b,1794.0,120.0,1029.0,444011.0,64635627.0,247.49777034559642
460,brain,grey,HY,STN,STN,12463.0,39.0,433.0,2098320.0,350043040.0,168.3639573136484
461,brain,grey,HPF,CA3,CA3slm,40786.0,220.0,1303.0,18249948.0,1316570544.0,447.456185946158
467,brain,grey,STR,STR-unassigned,STR-unassigned,171564.0,1.0,2447.0,43475822.0,5377761020.0,253.40876873936256
468,brain,grey,Isocortex,SSp-ll,SSp-ll6a,33771.0,106.0,2535.0,12836641.0,1120480377.0,380.1084066210654
469,brain,grey,HPF,CA3,CA3slu,42640.0,121.0,1099.0,14192827.0,1303642683.0,332.85241557223264
472,brain,fiber tracts,cm,VIIIn,bic,15797.0,4.0,405.0,1107816.0,101306668.0,70.12825219978477
473,brain,grey,TH,MH,MH,20492.0,0.0,360.0,2056261.0,261047299.0,100.34457349209448
474,brain,grey,Isocortex,ORBm,ORBm1,26955.0,3.0,1061.0,8374847.0,838150567.0,310.69734743090333
476,brain,grey,HPF,CA3,CA3so,135329.0,24.0,1876.0,48672055.0,4420180135.0,359.6572427195945
478,brain,grey,Isocortex,ORBl,ORBl6b,2906.0,47.0,1097.0,545145.0,90455669.0,187.5929112181693
485,brain,grey,HPF,CA3,CA3sp,83476.0,81.0,1329.0,26969595.0,2843029375.0,323.0820235756385
491,brain,grey,Isocortex,VISpm,VISpm4,6309.0,257.0,1282.0,2642747.0,201646497.0,418.88524330321764
492,brain,grey,HPF,SUB,SUB,134607.0,3.0,2008.0,36756336.0,4341037402.0,273.0640754195547
494,brain,grey,HPF,CA3,CA3sr,98656.0,171.0,1117.0,37159378.0,3334196186.0,376.65603713915016
496,brain,fiber tracts,cm,VIIIn,das,773.0,13.0,140.0,38350.0,2227868.0,49.61190168175938
497,brain,grey,OLF,MOB,MOB-unassigned,275247.0,1.0,2705.0,72677753.0,8789388197.0,264.04557724516525
500,brain,grey,Isocortex,SSp-ll,SSp-ll6b,3223.0,79.0,919.0,625223.0,108313189.0,193.9878994725411
502,brain,grey,CB,CB-unassigned,CB-unassigned,52787.0,0.0,2549.0,4498450.0,525651148.0,85.21889859245647
505,brain,grey,HY,MPN,MPN,25896.0,96.0,561.0,7975023.0,920563217.0,307.9635078776645
510,brain,grey,Isocortex,AUDv,AUDv6a,18104.0,87.0,972.0,4798556.0,583666262.0,265.0550154661953
513,brain,grey,HY,MPO,MPO,35645.0,131.0,489.0,11426417.0,1232423301.0,320.56156543694766
515,brain,grey,HY,SUM,SUM,16305.0,21.0,541.0,3239594.0,492095812.0,198.68715118061945
516,brain,grey,HPF,ENTm,ENTm1,79710.0,13.0,2176.0,26363490.0,2576039500.0,330.7425668046669
517,brain,grey,Isocortex,AUDd,AUDd1,12598.0,10.0,794.0,2796481.0,489434659.0,221.9781711382759
520,brain,fiber tracts,mfbs,mfbc,df,2395.0,13.0,259.0,88878.0,4997524.0,37.109812108559495
521,brain,grey,MB,MPT,MPT,2821.0,51.0,424.0,526114.0,81176544.0,186.49911378943636
524,brain,grey,P,SUT,SUT,16640.0,49.0,251.0,2120202.0,287876132.0,127.41598557692308
528,brain,fiber tracts,cm,In,lotd,8151.0,23.0,521.0,894048.0,99189718.0,109.68568273831431
530,brain,grey,Isocortex,PERI,PERI1,14224.0,0.0,813.0,3104707.0,474082939.0,218.2724268841395
532,brain,grey,Isocortex,RSPv,RSPv1,60568.0,4.0,874.0,16546588.0,1942689022.0,273.19026548672565
533,brain,grey,HPF,ENTm,ENTm2,80671.0,73.0,1663.0,21341719.0,2825984581.0,264.552552962031
534,brain,grey,STR,CEA,CEAc,19807.0,91.0,716.0,6871744.0,640894652.0,346.93512394607967
539,brain,grey,TH,TH-unassigned,TH-unassigned,58834.0,15.0,1074.0,9877289.0,1176941909.0,167.8840296427236
541,brain,grey,STR,CEA,CEAl,16635.0,39.0,1861.0,5325480.0,557134712.0,320.1370604147881
543,brain,fiber tracts,cbf,cbp,icp,9396.0,3.0,181.0,83820.0,1181786.0,8.920817369093232
546,brain,grey,Isocortex,ILA,ILA2/3,9157.0,183.0,1241.0,3356550.0,310580928.0,366.55564049361146
548,brain,grey,Isocortex,SSp-n,SSp-n1,25941.0,8.0,551.0,6522815.0,825734787.0,251.44809375120465
549,brain,grey,STR,CEA,CEAm,47891.0,76.0,4342.0,14150496.0,1445916368.0,295.4729698690777
554,brain,grey,PAL,MS,MS,26547.0,29.0,584.0,6062409.0,688247371.0,228.36512600293818
555,brain,grey,Isocortex,VISpm,VISpm5,18275.0,201.0,1253.0,6932183.0,602866559.0,379.32601915184676
556,brain,grey,OLF,TR,TR,89508.0,36.0,1888.0,28929170.0,3004475930.0,323.20206015104793
563,brain,grey,Isocortex,VISl,VISl4,11472.0,244.0,2178.0,4643914.0,376703072.0,404.8042189679219
564,brain,grey,P,TRN,TRN,44144.0,12.0,198.0,2827409.0,221455831.0,64.04967832548024
565,brain,grey,TH,CL,CL,23142.0,20.0,412.0,3741855.0,625218117.0,161.69108115115375
566,brain,grey,MY,ACVII,ACVII,353.0,73.0,200.0,40749.0,4944257.0,115.43626062322946
567,brain,grey,Isocortex,SSp-ul,SSp-ul4,33490.0,147.0,2891.0,17082798.0,1094037124.0,510.08653329352046
569,brain,fiber tracts,lfbs,cc,fa,67072.0,10.0,1902.0,9629044.0,1210380486.0,143.5627981870229
570,brain,grey,MB,NB,NB,5607.0,25.0,165.0,399888.0,31238520.0,71.31942215088283
571,brain,grey,PAL,TRS,TRS,22804.0,10.0,671.0,3066575.0,409053279.0,134.47531134888615
572,brain,grey,Isocortex,ORBm,ORBm2/3,20153.0,176.0,1636.0,7395266.0,681181370.0,366.9560859425396
573,brain,grey,CTXsp,CLA,CLA,35283.0,30.0,2675.0,11191011.0,1138783837.0,317.17855624521724
577,brain,grey,MB,PAG,ND,5871.0,27.0,292.0,767651.0,105259501.0,130.75302333503663
578,brain,grey,Isocortex,ACAv,ACAv1,30297.0,18.0,1825.0,12666082.0,987230048.0,418.06390071624253
580,brain,grey,Isocortex,RSPv,RSPv6a,42175.0,64.0,1494.0,11562183.0,1313071583.0,274.14778897451095
581,brain,grey,MB,CLI,CLI,5340.0,15.0,310.0,540310.0,63085182.0,101.18164794007491
583,brain,grey,Isocortex,VISp,VISp1,80747.0,9.0,1347.0,23211920.0,2579214522.0,287.46479745377536
585,brain,fiber tracts,mfbs,mfsbshy,fr,10681.0,28.0,291.0,849795.0,75705397.0,79.56137065817808
586,brain,grey,PAL,NDB,NDB,47280.0,7.0,693.0,10265398.0,1471485240.0,217.11924703891708
587,brain,grey,OLF,TT,TTd,46375.0,4.0,1495.0,14091981.0,1494299745.0,303.8702102425876
588,brain,grey,Isocortex,AUDv,AUDv6b,2896.0,102.0,555.0,535408.0,95848802.0,184.87845303867402
589,brain,grey,TH,CM,CM,15985.0,95.0,698.0,4072105.0,589111905.0,254.74538629965593
590,brain,grey,Isocortex,AUDd,AUDd2/3,20957.0,156.0,1607.0,7284014.0,684661144.0,347.56949945125734
591,brain,grey,Isocortex,VISal,VISal6a,7147.0,181.0,2518.0,2184953.0,208015183.0,305.7161046592976
593,brain,fiber tracts,mfbs,mfbc,fi,96857.0,2.0,1115.0,8667344.0,1124518492.0,89.4859844926025
594,brain,grey,P,NI,NI,6776.0,51.0,418.0,1394822.0,256984518.0,205.8474025974026
595,brain,grey,OLF,TT,TTv,46049.0,14.0,967.0,13675715.0,1441329041.0,296.9818019935286
598,brain,grey,Isocortex,ORBvl,ORBvl6a,15242.0,81.0,1125.0,3795593.0,497756647.0,249.0219787429471
599,brain,grey,TH,SPA,SPA,8454.0,52.0,688.0,2207136.0,297022254.0,261.07594038325055
600,brain,grey,Isocortex,RSPd,RSPd5,77137.0,3.0,2646.0,25905112.0,2521763158.0,335.8325058013664
601,brain,fiber tracts,mfbs,mfsbshy,hbc,3041.0,1.0,354.0,197118.0,19949498.0,64.82012495889511
602,brain,grey,P,NLL,NLL,46328.0,20.0,292.0,4351138.0,469160310.0,93.92026420307373
603,brain,grey,Isocortex,VISl,VISl5,20110.0,177.0,1747.0,7328321.0,701481967.0,364.4117851815017
604,brain,grey,HY,TU,TU,33500.0,5.0,302.0,5460416.0,929102152.0,162.99749253731343
606,brain,grey,MB,CUN,CUN,35272.0,14.0,508.0,3785088.0,458247992.0,107.31140848264913
610,brain,grey,Isocortex,ORBm,ORBm5,30184.0,190.0,1229.0,11031937.0,1020214991.0,365.48956400742117
611,brain,grey,P,V,V,22692.0,12.0,323.0,2814436.0,390916248.0,124.02767495152477
612,brain,grey,Isocortex,RSPv,RSPv6b,3121.0,75.0,609.0,605908.0,114026678.0,194.13905799423262
615,brain,grey,Isocortex,SSp-ul,SSp-ul5,50676.0,153.0,3663.0,24498048.0,1660714102.0,483.425053279659
618,brain,grey,MB,NOT,NOT,13159.0,34.0,349.0,2032286.0,330117354.0,154.44076297591002
619,brain,grey,TH,VAL,VAL,52314.0,31.0,379.0,11016386.0,1756719480.0,210.5819857017242
620,brain,grey,Isocortex,ORBl,ORBl5,77287.0,31.0,2106.0,28774155.0,2506507033.0,372.30265115737444
622,brain,grey,HPF,DG,DG-sg,102261.0,33.0,2109.0,19465079.0,3131626101.0,190.34704334985966
623,brain,fiber tracts,cm,VIIIn,cic,1152.0,89.0,285.0,216414.0,39809444.0,187.859375
624,brain,grey,MB,NPC,NPC,18484.0,53.0,353.0,3156488.0,529775206.0,170.76866479117075
628,brain,grey,Isocortex,GU,GU6a,28068.0,37.0,1913.0,7989507.0,881451669.0,284.64824711415133
629,brain,grey,OLF,COAa,COAa,49142.0,58.0,1368.0,13238716.0,1511054724.0,269.39717553213137
632,brain,grey,MY,NTB,NTB,9895.0,11.0,113.0,422361.0,20154287.0,42.684284992420416
633,brain,grey,Isocortex,AUDpo,AUDpo2/3,9377.0,149.0,1302.0,3005111.0,311677789.0,320.4768049482777
638,brain,grey,Isocortex,MOp,MOp5,209457.0,57.0,3333.0,91675563.0,6897353857.0,437.6820206534038
639,brain,grey,Isocortex,VISal,VISal6b,1422.0,72.0,580.0,290769.0,54615309.0,204.4789029535865
641,brain,grey,MY,NTS,NTS,54354.0,22.0,424.0,9258299.0,1410184759.0,170.33335173124334
643,brain,grey,MY,VI,VI,1949.0,13.0,259.0,176680.0,19323894.0,90.6516162134428
644,brain,grey,Isocortex,SSp-n,SSp-n4,35076.0,167.0,3877.0,17376060.0,1147190590.0,495.38316797810467
645,brain,grey,OLF,COAp,COApl,76930.0,39.0,2002.0,22092692.0,2507558374.0,287.17914987651113
646,brain,grey,Isocortex,MOs,MOs1,148747.0,2.0,943.0,40515507.0,4601247221.0,272.3786496534384
647,brain,grey,Isocortex,SSp-m,SSp-m2/3,95921.0,96.0,2081.0,39770808.0,3137953444.0,414.62044807706343
648,brain,fiber tracts,cm,VIIIn,ll,53354.0,2.0,386.0,2706948.0,180584988.0,50.73561494920718
651,brain,grey,MY,VII,VII,58708.0,9.0,322.0,6633732.0,879434126.0,112.99536690059277
652,brain,grey,Isocortex,GU,GU6b,2518.0,123.0,736.0,631280.0,91179106.0,250.70691024622715
653,brain,grey,OLF,COAp,COApm,82891.0,17.0,2029.0,27088734.0,2722646006.0,326.7994595311916
654,brain,grey,HPF,ENTm,ENTm3,62938.0,82.0,1653.0,15927065.0,2212498587.0,253.05959833486924
655,brain,fiber tracts,cm,In,lot,56399.0,2.0,1411.0,4745648.0,558019596.0,84.14418695366939
657,brain,grey,Isocortex,FRP,FRP2/3,14978.0,125.0,986.0,4054096.0,531898314.0,270.67004940579517
660,brain,grey,Isocortex,SSp-tr,SSp-tr2/3,27121.0,205.0,1834.0,10904661.0,907983641.0,402.0744441576638
661,brain,grey,Isocortex,RSPagl,RSPagl1,32392.0,4.0,1896.0,9949321.0,1048764235.0,307.15364904914793
662,brain,grey,STR,CP,CP,1665238.0,2.0,3297.0,467726462.0,53051473160.0,280.87664465980237
663,brain,fiber tracts,mfbs,mfsbshy,mp,2062.0,10.0,185.0,88936.0,5128146.0,43.13094083414161
665,brain,grey,Isocortex,AIv,AIv6a,10733.0,132.0,2913.0,3569481.0,365129749.0,332.5706698965806
668,brain,grey,Isocortex,AUDd,AUDd4,8479.0,153.0,2450.0,3491306.0,266678432.0,411.7591697134096
669,brain,grey,P,CS,CS,38338.0,0.0,262.0,3550547.0,388179489.0,92.61169075069122
670,brain,grey,Isocortex,ORBvl,ORBvl6b,647.0,93.0,406.0,104444.0,16847894.0,161.42812982998456
671,brain,fiber tracts,mfbs,mfsbshy,mtg,3593.0,9.0,187.0,213847.0,18963279.0,59.517673253548566
675,brain,grey,TH,VM,VM,59299.0,21.0,720.0,10280200.0,1511308110.0,173.3621140322771
677,brain,grey,Isocortex,RSPv,RSPv5,107310.0,8.0,4656.0,40271168.0,3598281486.0,375.2787997390737
679,brain,grey,HY,VLPO,VLPO,4291.0,20.0,281.0,686235.0,115824557.0,159.9242600792356
680,brain,fiber tracts,mfbs,mfsbshy,mtt,8278.0,16.0,349.0,670945.0,71744571.0,81.05158250785213
682,brain,grey,Isocortex,PERI,PERI5,10756.0,149.0,1158.0,3144071.0,263540677.0,292.30857195983634
683,brain,grey,HY,VMH,VMH,35169.0,83.0,611.0,7505790.0,1320626768.0,213.42062611959395
684,brain,grey,Isocortex,AIv,AIv2/3,38034.0,72.0,2380.0,13178590.0,1253398096.0,346.4949781774202
686,brain,grey,Isocortex,AUDpo,AUDpo1,7221.0,42.0,521.0,1696877.0,272899043.0,234.99196787148594
687,brain,fiber tracts,cm,drt,ml,39725.0,6.0,121.0,1259056.0,50151994.0,31.694298300818126
688,brain,grey,OLF,OLF-unassigned,OLF-unassigned,320150.0,0.0,2956.0,78463321.0,8981729025.0,245.08299547087302
689,brain,grey,Isocortex,AIv,AIv6b,194.0,155.0,299.0,46359.0,7320281.0,238.96391752577318
692,brain,grey,Isocortex,SSp-n,SSp-n5,36290.0,167.0,3749.0,17910523.0,1180767949.0,493.53879856709835
693,brain,grey,CTXsp,CTXsp-unassigned,CTXsp-unassigned,23955.0,69.0,2981.0,6832907.0,793690461.0,285.2392819870591
694,brain,grey,Isocortex,AIv,AIv1,16036.0,5.0,844.0,4812641.0,497426477.0,300.1148041905712
696,brain,grey,MB,OP,OP,3733.0,49.0,326.0,723383.0,121294311.0,193.78060541119743
697,brain,grey,Isocortex,ILA,ILA1,9609.0,26.0,1004.0,3717035.0,317653337.0,386.82849412009574
701,brain,grey,MY,CU,CU,21342.0,14.0,243.0,1791410.0,177823078.0,83.93824383844063
708,brain,grey,TH,VPL,VPL,56111.0,20.0,521.0,7668005.0,1145197691.0,136.65778546096132
711,brain,grey,Isocortex,VISp,VISp4,65560.0,117.0,5228.0,30452955.0,2158736309.0,464.50510982306287
715,brain,grey,TH,VPLpc,VPLpc,6326.0,31.0,333.0,992751.0,166604279.0,156.9318684792918
717,brain,grey,HPF,ENTm,ENTm5,58465.0,60.0,2626.0,15294127.0,1900090053.0,261.59457795262125
718,brain,fiber tracts,cbf,arb,arb,442961.0,5.0,428.0,31884014.0,3730933368.0,71.97928034296473
719,brain,grey,Isocortex,TEa,TEa6a,33590.0,92.0,1695.0,9102033.0,1068728837.0,270.9744864543019
722,brain,grey,HY,MM,MMme,4967.0,65.0,367.0,952111.0,153077725.0,191.68733642037446
723,brain,grey,TH,VPM,VPM,105262.0,33.0,630.0,18894388.0,3178795084.0,179.49866048526533
725,brain,grey,Isocortex,AUDp,AUDp1,24226.0,12.0,917.0,5631216.0,857146376.0,232.44514158342278
731,brain,grey,TH,VPMpc,VPMpc,13716.0,90.0,495.0,3384648.0,496219606.0,246.76640419947506
733,brain,grey,HPF,ENTm,ENTm6,40183.0,61.0,1607.0,9593342.0,1347684766.0,238.7413085135505
734,brain,fiber tracts,cbf,cbc,cbc,4378.0,6.0,141.0,76236.0,2437936.0,17.413430790315214
739,brain,grey,MB,VTA,VTA,27365.0,20.0,347.0,3760139.0,582607867.0,137.40687008953043
740,brain,grey,Isocortex,VISpl,VISpl1,12115.0,21.0,1163.0,3208681.0,404362401.0,264.85191910854314
743,brain,fiber tracts,mfbs,mfsbshy,pm,2127.0,41.0,270.0,225549.0,25906539.0,106.04090267983075
744,brain,grey,STR,OT,OT,244420.0,2.0,1166.0,65356535.0,8059760189.0,267.3943826200802
745,brain,grey,Isocortex,AUDv,AUDv2/3,24722.0,77.0,1223.0,7007607.0,861535587.0,283.45631421406034
747,brain,grey,MB,VTN,VTN,2418.0,9.0,264.0,323240.0,48833272.0,133.68072787427627
749,brain,grey,Isocortex,AUDpo,AUDpo4,4768.0,209.0,2325.0,1873448.0,142637222.0,392.9211409395973
753,brain,grey,HY,OV,OV,560.0,49.0,221.0,62695.0,7389035.0,111.95535714285714
755,brain,grey,MY,x,x,3646.0,20.0,241.0,326006.0,34245440.0,89.41470104223806
757,brain,grey,Isocortex,MOs,MOs5,289459.0,59.0,3546.0,117770070.0,9446473838.0,406.8626990350965
761,brain,grey,P,P-unassigned,P-unassigned,231346.0,0.0,448.0,12087812.0,1046906760.0,52.24992867825681
762,brain,grey,Isocortex,ACAv,ACAv5,64153.0,87.0,1737.0,25181519.0,2140718587.0,392.5228594142129
763,brain,grey,MY,XII,XII,18007.0,87.0,369.0,3639802.0,648349582.0,202.13261509413007
764,brain,grey,Isocortex,RSPagl,RSPagl5,46896.0,144.0,2955.0,16531467.0,1429886275.0,352.5133700102354
768,brain,grey,Isocortex,VISp,VISp5,99343.0,120.0,3267.0,38246860.0,3293820046.0,384.99803710377176
770,brain,grey,CTXsp,PA,PA,61821.0,65.0,3841.0,20684328.0,2045456070.0,334.5841704275246
771,brain,grey,MY,y,y,1501.0,45.0,491.0,238854.0,34316596.0,159.12991339107262
773,brain,grey,Isocortex,AId,AId6a,50002.0,69.0,1473.0,14761334.0,1590769318.0,295.2148714051438
774,brain,fiber tracts,lfbs,cst,cst-unassigned,5378.0,8.0,56.0,114601.0,2685037.0,21.309222759390106
776,brain,grey,Isocortex,TEa,TEa6b,5556.0,50.0,1108.0,1123547.0,211441691.0,202.22228221742262
778,brain,grey,OLF,PAA,PAA,76240.0,52.0,1455.0,20999991.0,2436271725.0,275.4458420776495
781,brain,grey,Isocortex,AUDpo,AUDpo5,11609.0,208.0,1382.0,4248875.0,396179099.0,365.99836333878886
784,brain,fiber tracts,cm,Vn,sV,104258.0,2.0,91.0,813211.0,9292639.0,7.799986571773869
785,brain,grey,MB,PAG,PAG-unassigned,275647.0,7.0,912.0,59371304.0,9263694952.0,215.3888995708279
787,brain,grey,HY,ZI,ZI-unassigned,99806.0,28.0,571.0,17115503.0,2315073763.0,171.48771616936858
788,brain,fiber tracts,cm,VIIn,VIIn-unassigned,5058.0,5.0,71.0,101545.0,2388429.0,20.076117042309214
790,brain,grey,Isocortex,AIv,AIv5,46103.0,126.0,3049.0,16678374.0,1519959676.0,361.7633125826953
792,brain,fiber tracts,mfbs,mfsbshy,sm,17293.0,6.0,444.0,1998325.0,257130433.0,115.55687272306713
793,brain,grey,PAL,PAL-unassigned,PAL-unassigned,72279.0,1.0,1293.0,8867921.0,1230768329.0,122.69014513205772
794,brain,grey,HY,ZI,FF,15439.0,22.0,237.0,1697759.0,202874145.0,109.96560658073709
795,brain,grey,Isocortex,VISpm,VISpm1,12049.0,23.0,590.0,3927442.0,395600628.0,325.9558469582538
796,brain,grey,Isocortex,SSs,SSs2/3,137269.0,66.0,2851.0,48573530.0,4504962010.0,353.8565153093561
800,brain,grey,Isocortex,ACAv,ACAv6a,23226.0,66.0,1012.0,7104064.0,740677994.0,305.86687333161115
801,brain,grey,MB,IC,ICc,72083.0,55.0,527.0,20357397.0,2217443143.0,282.41606203959327
802,brain,fiber tracts,cbf,cbp,scp,3004.0,7.0,62.0,48446.0,946374.0,16.1271637816245
804,brain,grey,OLF,DP,DP,32116.0,8.0,1414.0,10653961.0,1062151539.0,331.7337464192303
806,brain,grey,Isocortex,AUDp,AUDp4,15023.0,240.0,2612.0,6454645.0,508133551.0,429.65086866804234
809,brain,grey,Isocortex,ACAv,ACAv6b,3966.0,33.0,432.0,749942.0,133532490.0,189.09278870398387
810,brain,grey,MB,IC,ICd,84648.0,63.0,459.0,24867581.0,2832569553.0,293.7763562045175
811,brain,grey,Isocortex,VISp,VISp2/3,127983.0,131.0,2738.0,51940457.0,4157118801.0,405.83872076760196
817,brain,grey,Isocortex,ILA,ILA5,21394.0,133.0,1514.0,7819470.0,742095800.0,365.49827054314295
818,brain,grey,MB,IC,ICe,127870.0,36.0,431.0,26498225.0,3901060047.0,207.22784859623056
820,brain,grey,HY,DMH,DMH,24068.0,104.0,530.0,6853523.0,730235441.0,284.7566478311451
821,brain,grey,Isocortex,AId,AId6b,3135.0,75.0,508.0,735161.0,109594257.0,234.5011164274322
822,brain,fiber tracts,cm,IIIn,IIIn-unassigned,521.0,28.0,306.0,97378.0,12942494.0,186.9059500959693
824,brain,grey,MB,SCs,SCzo,23252.0,22.0,437.0,5383045.0,723071077.0,231.50890246000344
826,brain,grey,Isocortex,ECT,ECT1,16685.0,2.0,588.0,3754938.0,545469746.0,225.04872640095894
828,brain,grey,Isocortex,SSp-n,SSp-n2/3,40982.0,177.0,1842.0,17175660.0,1342141502.0,419.1025328192865
829,brain,grey,MY,DMX,DMX,11139.0,51.0,398.0,2648094.0,404910700.0,237.73175329921895
831,brain,fiber tracts,cm,VIIIn,tb,22046.0,1.0,65.0,333835.0,7840301.0,15.142656264174907
832,brain,grey,MB,SCs,SCsg,73727.0,59.0,503.0,22172908.0,2399328542.0,300.74339115927677
833,brain,grey,HPF,PAR,PAR,59690.0,14.0,4008.0,20729173.0,1954222467.0,347.28049924610485
834,brain,grey,Isocortex,MOp,MOp6a,184072.0,25.0,2918.0,59910842.0,6108508318.0,325.47504237472293
836,brain,grey,CB,DN,DN,21510.0,24.0,407.0,4165887.0,678971385.0,193.6721059972106
837,brain,grey,Isocortex,AUDp,AUDp5,45730.0,125.0,3628.0,17870966.0,1560438700.0,390.79304614038927
838,brain,fiber tracts,cm,IIn,IIn-unassigned,4540.0,1.0,83.0,32482.0,366962.0,7.154625550660793
839,brain,grey,Isocortex,VISC,VISC6b,3210.0,36.0,351.0,615931.0,107865613.0,191.87881619937696
840,brain,fiber tracts,cbf,cbp,scp,5431.0,6.0,69.0,84349.0,1619939.0,15.531025593813293
841,brain,grey,MB,SCs,SCop,41155.0,9.0,561.0,7451737.0,1085408065.0,181.06516826631028
842,brain,grey,MY,PARN,PARN,143835.0,8.0,239.0,11442744.0,1075158706.0,79.55465637709877
844,brain,grey,Isocortex,SSp-ul,SSp-ul2/3,62626.0,85.0,3018.0,26826908.0,2032658782.0,428.3669402484591
847,brain,grey,Isocortex,VISC,VISC6a,34317.0,21.0,1056.0,8851449.0,1157166485.0,257.93189964157705
849,brain,grey,MY,PAS,PAS,1790.0,41.0,223.0,194966.0,22851610.0,108.9195530726257
852,brain,grey,Isocortex,SSs,SSs6a,132739.0,75.0,3658.0,38895394.0,4336321826.0,293.02159877654645
853,brain,fiber tracts,eps,rust,rust-unassigned,36422.0,4.0,147.0,837395.0,29060789.0,22.99146120476635
856,brain,fiber tracts,cbf,cbp,scp,18263.0,3.0,205.0,295865.0,9667581.0,16.20024092427312
857,brain,grey,P,PB,PB-unassigned,60544.0,7.0,391.0,8656510.0,1233013260.0,142.97882531712474
859,brain,grey,Isocortex,VISpl,VISpl4,2308.0,178.0,1032.0,799793.0,81573263.0,346.53076256499133
862,brain,grey,MB,DR,DR,9814.0,91.0,489.0,2118029.0,378688317.0,215.81709802323212
863,brain,grey,Isocortex,SSs,SSs1,79837.0,0.0,587.0,17537614.0,2770815068.0,219.66774803662463
864,brain,grey,MB,PBG,PBG,2852.0,43.0,236.0,332576.0,41747288.0,116.61150070126227
868,brain,grey,Isocortex,SSp-m,SSp-m1,50090.0,2.0,693.0,12070977.0,1583155933.0,240.9857656218806
870,brain,grey,P,DTN,DTN,6637.0,103.0,430.0,1694607.0,217174107.0,255.3272562904927
872,brain,grey,Isocortex,MOp,MOp6b,11852.0,31.0,653.0,1790766.0,278447914.0,151.0939925750928
874,brain,fiber tracts,mfbs,mfbc,amc,10521.0,21.0,1457.0,2261867.0,321332205.0,214.98593289611253
878,brain,grey,Isocortex,PERI,PERI2/3,21305.0,89.0,1101.0,4906504.0,742693900.0,230.29823984980052
879,brain,grey,Isocortex,SSp-n,SSp-n6a,51512.0,75.0,3871.0,17787252.0,1671989264.0,345.30307501164776
883,brain,grey,Isocortex,SSs,SSs6b,13156.0,64.0,1383.0,2386543.0,415733775.0,181.4033900881727
887,brain,grey,Isocortex,VISC,VISC1,21663.0,3.0,436.0,4417384.0,740048952.0,203.91377002261922
888,brain,grey,P,PCG,PCG,34776.0,28.0,580.0,7955976.0,1181716818.0,228.77777777777777
890,brain,fiber tracts,cm,In,aco,47418.0,9.0,343.0,2033447.0,117693275.0,42.883440887426715
892,brain,grey,Isocortex,VISpl,VISpl5,15560.0,151.0,2618.0,4910124.0,501941846.0,315.56066838046274
893,brain,grey,MY,ECU,ECU,13130.0,8.0,239.0,912947.0,79583021.0,69.53137852246763
895,brain,grey,Isocortex,VISal,VISal2/3,12714.0,160.0,3270.0,4138357.0,425891541.0,325.49606732735566
896,brain,grey,Isocortex,RSPagl,RSPagl6a,26287.0,87.0,1862.0,7652476.0,851759868.0,291.11256514627
897,brain,grey,TH,PCN,PCN,15258.0,61.0,512.0,3187641.0,581178719.0,208.91604404246954
898,brain,fiber tracts,mfbs,mfbc,act,13607.0,23.0,1396.0,1456704.0,175014652.0,107.05548614683619
900,brain,grey,Isocortex,ORBm,ORBm6a,11931.0,116.0,1907.0,3196122.0,399418716.0,267.88383203419664
901,brain,fiber tracts,cm,IVn,IVn,448.0,8.0,194.0,36084.0,3499740.0,80.54464285714286
902,brain,grey,CB,LING,LING,7751.0,12.0,529.0,1732876.0,220297028.0,223.5680557347439
904,brain,grey,HY,PD,PD,743.0,284.0,464.0,270650.0,23152314.0,364.2664872139973
906,brain,fiber tracts,cm,IIn,bsc,12763.0,5.0,248.0,617894.0,41002976.0,48.412912324688556
909,brain,grey,Isocortex,ACAd,ACAd6a,44804.0,97.0,4442.0,13214285.0,1470426475.0,294.9353852334613
914,brain,fiber tracts,lfbs,cst,cpd,56468.0,2.0,286.0,1436575.0,68483477.0,25.440514981936673
917,brain,grey,Isocortex,ACAd,ACAd6b,1584.0,63.0,454.0,221559.0,31722053.0,139.87310606060606
919,brain,grey,Isocortex,SSp-n,SSp-n6b,3432.0,56.0,306.0,409499.0,51030577.0,119.31789044289044
920,brain,grey,TH,PF,PF,31335.0,61.0,377.0,5043020.0,829803084.0,160.93888622945587
921,brain,grey,P,PG,PG,61699.0,9.0,272.0,4139731.0,338481193.0,67.09559312144444
925,brain,grey,Isocortex,ACAd,ACAd1,38133.0,41.0,1038.0,14160576.0,1253819232.0,371.3470222641806
926,brain,grey,CB,DEC,DEC,213303.0,10.0,2884.0,72080105.0,6894144989.0,337.923540690942
929,brain,grey,MY,AMB,AMBd,1359.0,27.0,247.0,143373.0,17416233.0,105.49889624724062
930,brain,fiber tracts,mfbs,mfbc,cing,80922.0,15.0,2155.0,6267492.0,628861180.0,77.45102691480685
933,brain,grey,Isocortex,MOp,MOp2/3,236101.0,24.0,4810.0,97695364.0,7850904942.0,413.78632026124416
934,brain,grey,CB,FOTU,FOTU,67534.0,21.0,1130.0,19418175.0,2312478537.0,287.5318358160334
935,brain,grey,Isocortex,SSp-ul,SSp-ul6a,60229.0,59.0,3827.0,21550426.0,1973990400.0,357.8081322950738
936,brain,grey,HY,PH,PH,45251.0,58.0,469.0,11956433.0,1343807557.0,264.22472431548476
939,brain,fiber tracts,cm,von,von,862.0,6.0,391.0,64615.0,7031433.0,74.95939675174014
940,brain,grey,Isocortex,SSp-m,SSp-m4,60615.0,114.0,3108.0,30259082.0,1990584774.0,499.20122081992906
941,brain,grey,CB,PYR,PYR,79865.0,26.0,1001.0,28733524.0,2620456466.0,359.77617229074065
942,brain,grey,CTXsp,EPd,EPd,116294.0,25.0,2457.0,32195137.0,4052591739.0,276.8426316061018
944,brain,grey,Isocortex,AUDp,AUDp6a,19087.0,90.0,1998.0,5656967.0,578925993.0,296.3780059726515
945,brain,grey,MY,LRN,LRNm,32803.0,7.0,186.0,1619289.0,103116763.0,49.36405206840838
946,brain,fiber tracts,lfbs,cc,fa,54717.0,10.0,1114.0,5790214.0,690701252.0,105.82111592375313
947,brain,grey,CB,UVU,UVU,140247.0,4.0,795.0,42188323.0,4627640833.0,300.8144416636363
949,brain,grey,Isocortex,AUDv,AUDv1,18571.0,6.0,1021.0,4080106.0,629418050.0,219.7030854558182
951,brain,grey,OLF,PIR,PIR,740202.0,4.0,3808.0,241077497.0,24141676505.0,325.69149637531376
952,brain,grey,Isocortex,MOs,MOs2/3,243488.0,41.0,2978.0,86653954.0,7873561120.0,355.88593277697464
953,brain,grey,MY,LRN,LRNp,3662.0,5.0,57.0,52427.0,940695.0,14.316493719279082
954,brain,fiber tracts,lfbs,cc,ee,5982.0,88.0,1885.0,1608841.0,223253785.0,268.94700768973587
955,brain,grey,Isocortex,RSPagl,RSPagl2/3,42857.0,117.0,3341.0,13955317.0,1397086915.0,325.62514875049584
956,brain,grey,CTXsp,EPv,EPv,62260.0,103.0,2522.0,18818003.0,2058160133.0,302.2486829424992
958,brain,grey,CB,NOD,NOD,97149.0,8.0,5124.0,25816644.0,3248860094.0,265.7427662662508
959,brain,grey,Isocortex,ORBvl,ORBvl1,24693.0,62.0,1762.0,8556577.0,817716951.0,346.5183250313854
960,brain,grey,MY,PGRNd,PGRNd,15277.0,12.0,222.0,1001320.0,78349506.0,65.5442822543693
961,brain,fiber tracts,lfbs,cc,fp,103516.0,12.0,1123.0,6397638.0,530820566.0,61.803373391552995
963,brain,grey,Isocortex,VISl,VISl2/3,19298.0,148.0,2707.0,6237923.0,659946341.0,323.24194217017305
964,brain,grey,Isocortex,SSp-m,SSp-m5,77950.0,124.0,2301.0,36652296.0,2555411180.0,470.2026427196921
965,brain,grey,MB,EW,EW,1664.0,61.0,280.0,275599.0,45816119.0,165.62439903846155
966,brain,grey,CB,CENT,CENT2,85398.0,9.0,1408.0,25794706.0,2726334422.0,302.0528115412539
967,brain,grey,Isocortex,ECT,ECT6a,24962.0,33.0,1938.0,6557965.0,772308017.0,262.71793125550835
968,brain,grey,MY,PGRNl,PGRNl,45444.0,9.0,202.0,2575538.0,180828324.0,56.67498459642637
970,brain,grey,HY,PMd,PMd,8433.0,79.0,409.0,2098012.0,281496824.0,248.78595991936442
971,brain,grey,Isocortex,SSp-bfd,SSp-bfd1,53686.0,16.0,839.0,14517243.0,1535880829.0,270.4102186789852
972,brain,grey,HPF,FC,FC,3970.0,0.0,366.0,522308.0,67041122.0,131.56372795969773
974,brain,grey,CB,CENT,CENT3,175414.0,15.0,3181.0,61518447.0,5735731313.0,350.70431664519367
976,brain,fiber tracts,lfbs,cc,ccs,60550.0,11.0,269.0,3855599.0,307194353.0,63.67628406275805
978,brain,grey,Isocortex,ECT,ECT5,33862.0,124.0,1866.0,9976622.0,836128224.0,294.62589333175833
979,brain,grey,CB,FN,FN,32062.0,13.0,224.0,2302196.0,205109536.0,71.804503773938
980,brain,grey,Isocortex,AUDv,AUDv4,13693.0,189.0,1319.0,5071723.0,461619767.0,370.3880084714818
986,brain,grey,Isocortex,AId,AId1,29473.0,4.0,585.0,7254973.0,915853655.0,246.1565839921284
987,brain,brain-unassigned,brain-unassigned,brain-unassigned,brain-unassigned,227696.0,0.0,667.0,11986475.0,1149550449.0,52.64244870353454
988,brain,grey,STR,FS,FS,27633.0,17.0,1364.0,7662354.0,889053884.0,277.2899793724894
994,brain,grey,HY,PMv,PMv,12528.0,105.0,360.0,2695392.0,497605008.0,215.1494252873563
995,brain,grey,Isocortex,AUDp,AUDp6b,3484.0,76.0,797.0,689677.0,123784133.0,197.95551090700346
996,brain,grey,Isocortex,SSp-tr,SSp-tr1,13081.0,12.0,499.0,4348061.0,434037787.0,332.39515327574344
997,brain,grey,CB,SIM,SIM,364470.0,7.0,2351.0,115038563.0,12352036839.0,315.6324608335391
999,brain,fiber tracts,fiber tracts-unassigned,fiber tracts-unassigned,fiber tracts-unassigned,99413.0,0.0,685.0,5773916.0,524138936.0,58.08009012905757
1000,brain,grey,Isocortex,VISC,VISC4,11677.0,238.0,766.0,4230944.0,422057020.0,362.33142074162885
1004,brain,grey,Isocortex,ACAd,ACAd5,76687.0,176.0,3071.0,31011339.0,2501750411.0,404.38847523048236
1005,brain,fiber tracts,cm,In,onl,265144.0,0.0,5187.0,32986874.0,5057156046.0,124.41116525359804
1009,brain,grey,TH,PO,PO,80140.0,22.0,396.0,15291695.0,2713192435.0,190.81226603443974
1010,brain,grey,Isocortex,MOs,MOs6a,152198.0,49.0,2378.0,45106102.0,4960549868.0,296.36461714345785
1011,brain,grey,PAL,GPe,GPe,100114.0,13.0,376.0,14572927.0,2215316493.0,145.5633278063008
1012,brain,grey,Isocortex,AUDv,AUDv5,38671.0,149.0,2801.0,13399595.0,1261883261.0,346.5024178324843
1014,brain,grey,CB,PRM,PRM,312452.0,7.0,4838.0,90000310.0,10506476416.0,288.0452357482109
1015,brain,grey,Isocortex,SSp-ul,SSp-ul6b,4753.0,51.0,623.0,721054.0,105923440.0,151.70502840311383
1018,brain,grey,TH,POL,POL,13149.0,27.0,291.0,1280090.0,145203810.0,97.35265039166477
1019,brain,grey,Isocortex,SSp-ll,SSp-ll1,19151.0,19.0,613.0,6096081.0,641657257.0,318.3165892120516
1020,brain,grey,PAL,GPi,GPi,27100.0,10.0,275.0,1595271.0,123708631.0,58.86608856088561
1022,brain,grey,CB,COPY,COPY,160428.0,24.0,2519.0,50056230.0,5416662080.0,312.0167925798489
1024,brain,grey,Isocortex,SSs,SSs4,74614.0,159.0,2983.0,32092227.0,2362013501.0,430.1099927627523
1026,brain,grey,HPF,POST,POST,69144.0,21.0,1491.0,17011016.0,2172986062.0,246.0230244128196
1027,brain,grey,Isocortex,SSp-bfd,SSp-bfd6a,83045.0,110.0,3291.0,31758302.0,2731252088.0,382.42280691191525
1028,brain,grey,MY,GR,GR,5232.0,20.0,337.0,461530.0,46182606.0,88.21292048929664
1030,brain,grey,CB,PFL,PFL,366493.0,0.0,2811.0,68554111.0,11306430905.0,187.05435301629225
1032,brain,fiber tracts,eps,tsp,tspc,32266.0,1.0,106.0,988127.0,36766019.0,30.624403396764396
1033,brain,grey,TH,PP,PP,3932.0,53.0,237.0,526147.0,75070163.0,133.8115462868769
1034,brain,grey,Isocortex,ECT,ECT6b,3606.0,36.0,1058.0,688392.0,124833440.0,190.9018302828619
1035,brain,grey,Isocortex,VISam,VISam6a,8702.0,97.0,1537.0,3016489.0,288579105.0,346.6431854746035
1036,brain,grey,Isocortex,SSp-bfd,SSp-bfd4,82089.0,98.0,3208.0,40466542.0,2685408090.0,492.9593733630572
1037,brain,grey,MY,GRN,GRN,167474.0,9.0,188.0,9441203.0,608273443.0,56.374141657809574
1038,brain,grey,CB,FL,FL,85475.0,0.0,839.0,17952139.0,2832806711.0,210.02794969289266
1040,brain,fiber tracts,eps,tsp,tspd,1.0,9.0,9.0,9.0,81.0,9.0
1041,brain,grey,MB,PPN,PPN,56987.0,14.0,284.0,4390964.0,393175310.0,77.05202941021636
1043,brain,grey,Isocortex,ILA,ILA6a,13114.0,108.0,2141.0,4075998.0,448346096.0,310.8127192313558
1045,brain,grey,CB,AN,ANcr1,364503.0,13.0,2098.0,107668745.0,12623133709.0,295.38507227649706
1047,brain,grey,Isocortex,VISC,VISC5,45196.0,75.0,2339.0,15190861.0,1521044833.0,336.1107398884857
1049,brain,fiber tracts,eps,tsp,dtd,359.0,10.0,96.0,11716.0,499360.0,32.63509749303621
1050,brain,grey,MB,PPT,PPT,9225.0,68.0,598.0,1503764.0,255081764.0,163.00964769647697
1051,brain,grey,Isocortex,SSp-bfd,SSp-bfd6b,9389.0,58.0,1552.0,1836370.0,313898672.0,195.58738949834913
1053,brain,grey,CB,AN,ANcr2,327206.0,5.0,2954.0,88792481.0,11552685519.0,271.3656870595282
1055,brain,grey,Isocortex,VISam,VISam2/3,13301.0,165.0,1351.0,4636856.0,439912840.0,348.609578227201
1058,brain,grey,MY,PPY,PPY,6058.0,10.0,113.0,259470.0,13326162.0,42.830967315945855
1059,brain,grey,Isocortex,SSp-bfd,SSp-bfd5,77323.0,152.0,4003.0,36913777.0,2524847403.0,477.39711340739495
1061,brain,grey,TH,MG,MGd,11021.0,36.0,269.0,1680974.0,275441200.0,152.52463478813175
1063,brain,grey,Isocortex,VISal,VISal1,7502.0,37.0,469.0,1896938.0,254268224.0,252.8576379632098
1066,brain,grey,TH,PR,PR,9697.0,129.0,778.0,3653945.0,327385535.0,376.81190058781067
1068,brain,grey,TH,MG,MGv,17737.0,29.0,300.0,2542801.0,391386215.0,143.36139144161922
1070,brain,grey,Isocortex,ILA,ILA6b,689.0,131.0,688.0,140894.0,25804286.0,204.49056603773585
1073,brain,grey,HPF,PRE,PRE,59134.0,13.0,2904.0,18320686.0,1938079132.0,309.81645077282104
1074,brain,grey,Isocortex,MOs,MOs6b,4786.0,63.0,461.0,632287.0,85354543.0,132.11178437108234
1075,brain,grey,Isocortex,SSp-tr,SSp-tr4,9766.0,290.0,1308.0,4586344.0,316196484.0,469.6235920540651
1077,brain,grey,TH,MG,MGm,16021.0,35.0,214.0,1508591.0,155459321.0,94.16334810561139
1078,brain,grey,HPF,HPF-unassigned,HPF-unassigned,26960.0,1.0,651.0,4339537.0,603538403.0,160.96205489614243
1079,brain,grey,Isocortex,SSs,SSs5,139873.0,72.0,2605.0,58216390.0,4622100634.0,416.20891808998164
1080,brain,grey,CB,CUL,"CUL4, 5",430441.0,9.0,5790.0,155259291.0,14147402315.0,360.69819324831974
1081,brain,fiber tracts,lfbs,lfbst,em,7629.0,18.0,711.0,853868.0,113210482.0,111.92397430855945
1082,brain,grey,P,PRNc,PRNc,150278.0,13.0,143.0,9071459.0,602855543.0,60.36451776041736
1083,brain,grey,Isocortex,SSp-ll,SSp-ll4,17474.0,277.0,2899.0,8576653.0,560897379.0,490.8236808973332
1085,brain,grey,TH,AM,AMd,15662.0,82.0,489.0,4698390.0,494972938.0,299.98659175073425
1086,brain,grey,HY,HY-unassigned,HY-unassigned,176430.0,8.0,862.0,42428961.0,5412367667.0,240.4860908008842
1087,brain,grey,MY,MDRN,MDRNd,69925.0,0.0,234.0,6292441.0,673628233.0,89.98843046120844
1090,brain,grey,Isocortex,AId,AId5,96632.0,110.0,1806.0,33721589.0,3241740691.0,348.9691717029555
1091,brain,grey,Isocortex,SSp-m,SSp-m6a,105706.0,76.0,3392.0,33940857.0,3541202951.0,321.08732711482793
1093,brain,grey,TH,AM,AMv,10627.0,107.0,480.0,2912549.0,341418109.0,274.07066905053165
1094,brain,grey,STR,IA,IA,11701.0,125.0,1441.0,3594262.0,376638048.0,307.17562601487055
1095,brain,grey,Isocortex,VISC,VISC2/3,34556.0,42.0,822.0,9592851.0,1191507481.0,277.60305012154186
1096,brain,grey,MY,MDRN,MDRNv,60123.0,0.0,265.0,4385606.0,394099248.0,72.94389834173278
1097,brain,fiber tracts,lfbs,cc,ccg,53119.0,11.0,591.0,4112171.0,395934551.0,77.41431502852087
1098,brain,grey,HY,PS,PS,6173.0,290.0,1041.0,2717798.0,201085620.0,440.27182893244776
1100,brain,grey,Isocortex,SSp-tr,SSp-tr5,22607.0,229.0,1679.0,9910162.0,767928524.0,438.36696598398726
1102,brain,grey,TH,IAD,IAD,7225.0,116.0,515.0,1775557.0,263622065.0,245.7518339100346
1103,brain,grey,Isocortex,VISal,VISal4,6639.0,261.0,1192.0,2693106.0,212912366.0,405.64934478084047
1104,brain,fiber tracts,cm,VIIn,gVIIn,1845.0,6.0,98.0,30905.0,716167.0,16.75067750677507
1108,brain,grey,TH,IAM,IAM,2742.0,94.0,463.0,828898.0,86355650.0,302.2968636032093
1109,brain,grey,HPF,ENTl,ENTl1,62794.0,4.0,1309.0,15525122.0,2028897410.0,247.23894002611715
1110,brain,fiber tracts,cbf,cbp,icp,46244.0,1.0,109.0,562187.0,7809175.0,12.156971715249545
1112,brain,grey,Isocortex,ORBvl,ORBvl5,39639.0,112.0,2410.0,14292075.0,1336935421.0,360.5558919246197
1113,brain,grey,HY,TMd,TMd,2243.0,42.0,304.0,347628.0,55090578.0,154.983504235399
1114,brain,grey,Isocortex,TEa,TEa2/3,44795.0,78.0,1667.0,11007907.0,1573952215.0,245.7396361201027
1115,brain,grey,Isocortex,SSp-ll,SSp-ll5,35564.0,197.0,4586.0,17009975.0,1168596047.0,478.2919525362726
1120,brain,grey,OLF,NLOT,NLOT3,3701.0,106.0,811.0,1145322.0,118794340.0,309.4628478789516
1127,brain,grey,HY,ME,ME,5077.0,2.0,142.0,255209.0,15798767.0,50.26767776245814
1159,brain,grey,HPF,DG,DG-mo,275873.0,1.0,3116.0,87507948.0,8503061732.0,317.2037423017113
1160,brain,grey,HPF,DG,DG-po,44096.0,79.0,1068.0,12155994.0,1422406340.0,275.67112663280113
1201,brain,grey,Isocortex,SSp-un,SSp-un1,10635.0,29.0,467.0,3118759.0,311117691.0,293.2542548189939
1202,brain,grey,Isocortex,SSp-un,SSp-un2/3,21205.0,148.0,2582.0,8967983.0,690721365.0,422.918321150672
1203,brain,grey,Isocortex,SSp-un,SSp-un4,12030.0,197.0,2555.0,5958468.0,388020590.0,495.3007481296758
1204,brain,grey,Isocortex,SSp-un,SSp-un5,16508.0,157.0,3619.0,7886852.0,547431036.0,477.7593893869639
1205,brain,grey,Isocortex,SSp-un,SSp-un6a,18840.0,87.0,2528.0,6873460.0,619337258.0,364.8333333333333
1206,brain,grey,Isocortex,SSp-un,SSp-un6b,1576.0,65.0,416.0,252038.0,36863972.0,159.92258883248732
1209,brain,grey,Isocortex,VISa,VISa1,15284.0,13.0,534.0,5064616.0,503028224.0,331.3671813661345
1210,brain,grey,Isocortex,VISa,VISa2/3,27287.0,173.0,1582.0,10456828.0,900581206.0,383.2164767105215
1211,brain,grey,Isocortex,VISa,VISa4,9933.0,235.0,2296.0,4481697.0,317617397.0,451.19269102990035
1212,brain,grey,Isocortex,VISa,VISa5,22713.0,135.0,3367.0,9538555.0,752757429.0,419.9601549773258
1213,brain,grey,Isocortex,VISa,VISa6a,14266.0,140.0,2395.0,5314701.0,463599211.0,372.5431795878312
1214,brain,grey,Isocortex,VISa,VISa6b,2548.0,127.0,589.0,601623.0,90854143.0,236.1157770800628
1216,brain,grey,Isocortex,VISli,VISli1,4778.0,26.0,359.0,1071341.0,169070041.0,224.2237337798242
1217,brain,grey,Isocortex,VISli,VISli2/3,7498.0,147.0,893.0,2090362.0,273811496.0,278.78927714057085
1218,brain,grey,Isocortex,VISli,VISli4,3653.0,220.0,1060.0,1309462.0,130281666.0,358.4620859567479
1219,brain,grey,Isocortex,VISli,VISli5,9489.0,222.0,813.0,3311326.0,322457114.0,348.9646959637475
1220,brain,grey,Isocortex,VISli,VISli6a,5080.0,194.0,837.0,1536435.0,139761061.0,302.4478346456693
1221,brain,grey,Isocortex,VISli,VISli6b,1027.0,142.0,623.0,236605.0,42161477.0,230.3846153846154
1222,brain,grey,Isocortex,VISrl,VISrl1,10858.0,37.0,506.0,3233914.0,331961212.0,297.8369865536931
1223,brain,grey,Isocortex,VISrl,VISrl2/3,17648.0,207.0,1873.0,6954938.0,564360602.0,394.09213508612874
1224,brain,grey,Isocortex,VISrl,VISrl4,9373.0,233.0,3923.0,4337464.0,309055574.0,462.76154913048117
1225,brain,grey,Isocortex,VISrl,VISrl5,15623.0,170.0,2309.0,6796621.0,512289023.0,435.03942904691803
1226,brain,grey,Isocortex,VISrl,VISrl6a,9688.0,120.0,1752.0,3514431.0,312849957.0,362.76125103220477
1227,brain,grey,Isocortex,VISrl,VISrl6b,1835.0,106.0,431.0,404150.0,65393332.0,220.24523160762942
1229,brain,grey,Isocortex,VISpor,VISpor1,16026.0,24.0,736.0,3506299.0,584083525.0,218.78815674528892
1230,brain,grey,Isocortex,VISpor,VISpor2/3,23927.0,87.0,833.0,5821661.0,854563863.0,243.3092740418774
1231,brain,grey,Isocortex,VISpor,VISpor4,3872.0,197.0,953.0,1322227.0,140410123.0,341.4842458677686
1232,brain,grey,Isocortex,VISpor,VISpor5,24639.0,154.0,1532.0,7728180.0,737219946.0,313.6563983927919
1233,brain,grey,Isocortex,VISpor,VISpor6a,11541.0,148.0,2070.0,3449054.0,320434948.0,298.8522658348497
1234,brain,grey,Isocortex,VISpor,VISpor6b,2090.0,86.0,1128.0,477599.0,80612305.0,228.51626794258374
1270,brain,grey,HPF,ProS,ProS,83191.0,22.0,2363.0,28194923.0,2800252499.0,338.91794785493624
1279,brain,grey,HPF,APr,APr,20640.0,43.0,2238.0,6417912.0,651949030.0,310.9453488372093
1280,brain,fiber tracts,scwm,scwm-unassigned,scwm-unassigned,125428.0,19.0,1944.0,12733857.0,1490224835.0,101.52324042478554
1281,brain,fiber tracts,lfbs,cc,ccb,198753.0,5.0,678.0,13767904.0,1183285494.0,69.27142734952429
1282,brain,fiber tracts,lfbs,lfbst,or,13562.0,8.0,466.0,973214.0,89279678.0,71.76035982893379
1283,brain,fiber tracts,lfbs,lfbst,ar,7405.0,16.0,194.0,439896.0,32849510.0,59.4052667116813
1284,brain,fiber tracts,mfbs,mfbc,st,2270.0,53.0,816.0,510221.0,76610761.0,224.7669603524229
1285,brain,grey,TH,LGd,LGd-sh,13279.0,46.0,455.0,2374402.0,412314364.0,178.80879584306047
1286,brain,grey,TH,LGd,LGd-co,26813.0,30.0,515.0,4427790.0,681744674.0,165.13594152090403
1287,brain,grey,TH,LGd,LGd-ip,6134.0,73.0,294.0,1067871.0,192642283.0,174.09047929572873
1288,brain,grey,Isocortex,FRP,FRP5,23779.0,151.0,2138.0,8242092.0,783332046.0,346.6122208671517
1289,brain,grey,Isocortex,FRP,FRP6a,7184.0,114.0,925.0,1976683.0,234619215.0,275.1507516703786
1290,brain,grey,Isocortex,FRP,FRP6b,67.0,104.0,177.0,8809.0,1176157.0,131.47761194029852
1291,brain,grey,Isocortex,ORBm,ORBm6b,243.0,104.0,296.0,39052.0,6287296.0,160.70781893004116
1293,brain,grey,MB,RPF,RPF,3993.0,38.0,263.0,644733.0,110077817.0,161.46581517655898
1295,brain,grey,MB,MA3,MA3,1040.0,95.0,274.0,200855.0,37968467.0,193.12980769230768
1296,brain,grey,P,P5,P5,20516.0,26.0,248.0,2489022.0,324176654.0,121.32101774224995
1297,brain,grey,P,Acs5,Acs5,914.0,72.0,278.0,138164.0,21532856.0,151.164113785558
1298,brain,grey,P,PC5,PC5,4487.0,8.0,310.0,406586.0,46264468.0,90.61421885446846
1299,brain,grey,P,I5,I5,2819.0,41.0,153.0,240658.0,21445714.0,85.36998935792835
1300,brain,grey,TH,Eth,Eth,15130.0,23.0,285.0,2127616.0,324237218.0,140.62233972240583
1302,brain,grey,TH,Xi,Xi,5588.0,122.0,1140.0,2324583.0,186636817.0,415.99552612741587
1303,brain,grey,TH,PIL,PIL,11240.0,39.0,267.0,1585842.0,240778648.0,141.08914590747332
1304,brain,grey,TH,PoT,PoT,17909.0,18.0,155.0,1185004.0,86786238.0,66.1680719191468
1305,brain,grey,TH,IntG,IntG,1448.0,49.0,171.0,145576.0,15356014.0,100.53591160220995
1306,brain,grey,HY,VMPO,VMPO,3210.0,29.0,250.0,502701.0,82635223.0,156.60467289719625
1307,brain,grey,HY,PeF,PeF,13728.0,73.0,446.0,3350571.0,454907373.0,244.06840034965035
1308,brain,grey,HPF,HATA,HATA,27017.0,44.0,1211.0,7457815.0,890218879.0,276.04156642114225
1309,brain,grey,MY,Pa5,Pa5,6563.0,5.0,152.0,195731.0,10131613.0,29.823403931129057
1310,brain,grey,CB,VeCB,VeCB,5451.0,20.0,155.0,248039.0,12990805.0,45.50339387268391
1311,brain,grey,MB,SCO,SCO,905.0,7.0,161.0,66269.0,5977721.0,73.22541436464088
1312,brain,grey,P,PDTg,PDTg,3062.0,104.0,474.0,701869.0,116166705.0,229.21913781841934
1313,brain,grey,HY,MM,MMl,13659.0,7.0,375.0,1782460.0,242936820.0,130.49710813383118
1314,brain,grey,HY,MM,MMm,8710.0,64.0,386.0,1859676.0,303956458.0,213.51044776119403
1315,brain,grey,HY,MM,MMp,2388.0,28.0,357.0,382951.0,62244007.0,160.36474036850922
1316,brain,grey,HY,MM,MMd,4877.0,16.0,429.0,1078779.0,152423479.0,221.197252409268
1317,brain,grey,MB,Pa4,Pa4,1025.0,20.0,186.0,78449.0,6519933.0,76.53560975609756
1318,brain,grey,MB,PN,PN,1406.0,51.0,306.0,229930.0,37167720.0,163.5348506401138
1319,brain,grey,MB,IPN,IPR,5112.0,17.0,402.0,1080349.0,163157411.0,211.33587636932708
1320,brain,grey,MB,IPN,IPC,4363.0,35.0,707.0,1507970.0,134484810.0,345.6268622507449
1321,brain,grey,MB,IPN,IPA,1631.0,85.0,444.0,398642.0,56977306.0,244.41569589209075
1322,brain,grey,MB,IPN,IPL,3967.0,21.0,541.0,787538.0,102266688.0,198.5223090496597
1323,brain,grey,MB,IPN,IPI,2104.0,26.0,605.0,673551.0,65304493.0,320.12880228136885
1324,brain,grey,MB,IPN,IPDM,1214.0,58.0,335.0,214382.0,36757590.0,176.59143327841846
1325,brain,grey,MB,IPN,IPDL,2425.0,49.0,449.0,534651.0,71807995.0,220.47463917525772
1326,brain,grey,MB,IPN,IPRL,1224.0,31.0,414.0,284745.0,41127683.0,232.63480392156862
1327,brain,grey,MB,PAG,Su3,2686.0,90.0,261.0,479932.0,87668686.0,178.67907669396874
