substructure,organ,category,division,structure,count,sum,sum_squared,max,min,mean
AAA,brain,grey,STR,AAA,31652.0,8496331.0,1051336661.0,685.0,20.0,268.42951472260836
ACAd1,brain,grey,Isocortex,ACAd,38133.0,14160576.0,1253819232.0,1038.0,41.0,371.3470222641806
ACAd2/3,brain,grey,Isocortex,ACAd,39098.0,14869094.0,1303886452.0,2856.0,137.0,380.3031868637782
ACAd5,brain,grey,Isocortex,ACAd,76687.0,31011339.0,2501750411.0,3071.0,176.0,404.38847523048236
ACAd6a,brain,grey,Isocortex,ACAd,44804.0,13214285.0,1470426475.0,4442.0,97.0,294.9353852334613
ACAd6b,brain,grey,Isocortex,ACAd,1584.0,221559.0,31722053.0,454.0,63.0,139.87310606060606
ACAv1,brain,grey,Isocortex,ACAv,30297.0,12666082.0,987230048.0,1825.0,18.0,418.06390071624253
ACAv2/3,brain,grey,Isocortex,ACAv,32601.0,12585020.0,1095302194.0,1819.0,94.0,386.0317168185025
ACAv5,brain,grey,Isocortex,ACAv,64153.0,25181519.0,2140718587.0,1737.0,87.0,392.5228594142129
ACAv6a,brain,grey,Isocortex,ACAv,23226.0,7104064.0,740677994.0,1012.0,66.0,305.86687333161115
ACAv6b,brain,grey,Isocortex,ACAv,3966.0,749942.0,133532490.0,432.0,33.0,189.09278870398387
ACB,brain,grey,STR,ACB,281489.0,109032090.0,9243263816.0,2799.0,28.0,387.3404999840136
ACVII,brain,grey,MY,ACVII,353.0,40749.0,4944257.0,200.0,73.0,115.43626062322946
AD,brain,grey,TH,AD,10248.0,3015304.0,318192030.0,608.0,23.0,294.23341139734583
ADP,brain,grey,HY,ADP,6385.0,2308961.0,213948135.0,522.0,167.0,361.6227094753328
AHN,brain,grey,HY,AHN,45466.0,13240890.0,1566738158.0,827.0,56.0,291.22619099986804
AId1,brain,grey,Isocortex,AId,29473.0,7254973.0,915853655.0,585.0,4.0,246.1565839921284
AId2/3,brain,grey,Isocortex,AId,59244.0,18321209.0,1982243075.0,1293.0,109.0,309.25003375869284
AId5,brain,grey,Isocortex,AId,96632.0,33721589.0,3241740691.0,1806.0,110.0,348.9691717029555
AId6a,brain,grey,Isocortex,AId,50002.0,14761334.0,1590769318.0,1473.0,69.0,295.2148714051438
AId6b,brain,grey,Isocortex,AId,3135.0,735161.0,109594257.0,508.0,75.0,234.5011164274322
AIp1,brain,grey,Isocortex,AIp,27060.0,7617434.0,893879026.0,564.0,3.0,281.50162601626016
AIp2/3,brain,grey,Isocortex,AIp,51401.0,13424425.0,1704224471.0,1221.0,51.0,261.1705025194062
AIp5,brain,grey,Isocortex,AIp,48165.0,15116400.0,1550958368.0,2201.0,24.0,313.84615384615387
AIp6a,brain,grey,Isocortex,AIp,27900.0,8131870.0,939081226.0,1040.0,98.0,291.4648745519713
AIp6b,brain,grey,Isocortex,AIp,1323.0,311626.0,46121548.0,353.0,114.0,235.54497354497354
AIv1,brain,grey,Isocortex,AIv,16036.0,4812641.0,497426477.0,844.0,5.0,300.1148041905712
AIv2/3,brain,grey,Isocortex,AIv,38034.0,13178590.0,1253398096.0,2380.0,72.0,346.4949781774202
AIv5,brain,grey,Isocortex,AIv,46103.0,16678374.0,1519959676.0,3049.0,126.0,361.7633125826953
AIv6a,brain,grey,Isocortex,AIv,10733.0,3569481.0,365129749.0,2913.0,132.0,332.5706698965806
AIv6b,brain,grey,Isocortex,AIv,194.0,46359.0,7320281.0,299.0,155.0,238.96391752577318
AMBd,brain,grey,MY,AMB,1359.0,143373.0,17416233.0,247.0,27.0,105.49889624724062
AMBv,brain,grey,MY,AMB,1404.0,129592.0,12687766.0,197.0,44.0,92.3019943019943
AMd,brain,grey,TH,AM,15662.0,4698390.0,494972938.0,489.0,82.0,299.98659175073425
AMv,brain,grey,TH,AM,10627.0,2912549.0,341418109.0,480.0,107.0,274.07066905053165
ANcr1,brain,grey,CB,AN,364503.0,107668745.0,12623133709.0,2098.0,13.0,295.38507227649706
ANcr2,brain,grey,CB,AN,327206.0,88792481.0,11552685519.0,2954.0,5.0,271.3656870595282
AOBgl,brain,grey,OLF,AOB,9886.0,1441336.0,220427246.0,404.0,38.0,145.79567064535706
AOBgr,brain,grey,OLF,AOB,10076.0,1347641.0,193506889.0,377.0,45.0,133.7476181024216
AOBmi,brain,grey,OLF,AOB,17668.0,3846258.0,623474616.0,367.0,58.0,217.69628707267375
AON,brain,grey,OLF,AON,311188.0,100888531.0,9937012129.0,5983.0,25.0,324.2044391171896
AP,brain,grey,MY,AP,3397.0,278062.0,25080594.0,427.0,15.0,81.85516632322637
APN,brain,grey,MB,APN,81666.0,11671823.0,1759360689.0,368.0,8.0,142.92144833835377
APr,brain,grey,HPF,APr,20640.0,6417912.0,651949030.0,2238.0,43.0,310.9453488372093
AQ,brain,VS,AQ,AQ,25997.0,1187556.0,131905656.0,705.0,0.0,45.68050159633804
ARH,brain,grey,HY,ARH,18325.0,1748391.0,194555543.0,262.0,10.0,95.41015006821283
ASO,brain,grey,HY,ASO,388.0,128999.0,13703625.0,435.0,275.0,332.4716494845361
AT,brain,grey,MB,AT,2757.0,216784.0,17922554.0,148.0,29.0,78.63039535727239
AUDd1,brain,grey,Isocortex,AUDd,12598.0,2796481.0,489434659.0,794.0,10.0,221.9781711382759
AUDd2/3,brain,grey,Isocortex,AUDd,20957.0,7284014.0,684661144.0,1607.0,156.0,347.56949945125734
AUDd4,brain,grey,Isocortex,AUDd,8479.0,3491306.0,266678432.0,2450.0,153.0,411.7591697134096
AUDd5,brain,grey,Isocortex,AUDd,21944.0,8584841.0,750974589.0,1839.0,97.0,391.21586766314255
AUDd6a,brain,grey,Isocortex,AUDd,11802.0,3485164.0,348955478.0,1121.0,152.0,295.30283002880867
AUDd6b,brain,grey,Isocortex,AUDd,1938.0,401697.0,78094909.0,522.0,67.0,207.27399380804954
AUDp1,brain,grey,Isocortex,AUDp,24226.0,5631216.0,857146376.0,917.0,12.0,232.44514158342278
AUDp2/3,brain,grey,Isocortex,AUDp,30166.0,10703239.0,975996259.0,2425.0,139.0,354.8113438971027
AUDp4,brain,grey,Isocortex,AUDp,15023.0,6454645.0,508133551.0,2612.0,240.0,429.65086866804234
AUDp5,brain,grey,Isocortex,AUDp,45730.0,17870966.0,1560438700.0,3628.0,125.0,390.79304614038927
AUDp6a,brain,grey,Isocortex,AUDp,19087.0,5656967.0,578925993.0,1998.0,90.0,296.3780059726515
AUDp6b,brain,grey,Isocortex,AUDp,3484.0,689677.0,123784133.0,797.0,76.0,197.95551090700346
AUDpo1,brain,grey,Isocortex,AUDpo,7221.0,1696877.0,272899043.0,521.0,42.0,234.99196787148594
AUDpo2/3,brain,grey,Isocortex,AUDpo,9377.0,3005111.0,311677789.0,1302.0,149.0,320.4768049482777
AUDpo4,brain,grey,Isocortex,AUDpo,4768.0,1873448.0,142637222.0,2325.0,209.0,392.9211409395973
AUDpo5,brain,grey,Isocortex,AUDpo,11609.0,4248875.0,396179099.0,1382.0,208.0,365.99836333878886
AUDpo6a,brain,grey,Isocortex,AUDpo,5049.0,1587025.0,158312627.0,1983.0,147.0,314.32461873638346
AUDpo6b,brain,grey,Isocortex,AUDpo,1140.0,252876.0,44629626.0,2139.0,51.0,221.82105263157894
AUDv1,brain,grey,Isocortex,AUDv,18571.0,4080106.0,629418050.0,1021.0,6.0,219.7030854558182
AUDv2/3,brain,grey,Isocortex,AUDv,24722.0,7007607.0,861535587.0,1223.0,77.0,283.45631421406034
AUDv4,brain,grey,Isocortex,AUDv,13693.0,5071723.0,461619767.0,1319.0,189.0,370.3880084714818
AUDv5,brain,grey,Isocortex,AUDv,38671.0,13399595.0,1261883261.0,2801.0,149.0,346.5024178324843
AUDv6a,brain,grey,Isocortex,AUDv,18104.0,4798556.0,583666262.0,972.0,87.0,265.0550154661953
AUDv6b,brain,grey,Isocortex,AUDv,2896.0,535408.0,95848802.0,555.0,102.0,184.87845303867402
AV,brain,grey,TH,AV,26622.0,8235007.0,869625637.0,769.0,27.0,309.33089174367063
AVP,brain,grey,HY,AVP,5898.0,1803166.0,186100502.0,399.0,117.0,305.72499152255
AVPV,brain,grey,HY,AVPV,11711.0,2154196.0,312579902.0,438.0,41.0,183.9463752028008
Acs5,brain,grey,P,Acs5,914.0,138164.0,21532856.0,278.0,72.0,151.164113785558
B,brain,grey,P,B,994.0,210185.0,43119343.0,326.0,137.0,211.45372233400403
BA,brain,grey,STR,BA,1603.0,448399.0,47242129.0,415.0,48.0,279.72489082969435
BAC,brain,grey,PAL,BAC,483.0,102085.0,14760553.0,723.0,81.0,211.35610766045548
BLAa,brain,grey,CTXsp,BLA,49305.0,22058494.0,1606553554.0,2240.0,99.0,447.3885812797891
BLAp,brain,grey,CTXsp,BLA,45512.0,17196289.0,1509018807.0,2718.0,123.0,377.8407672701705
BLAv,brain,grey,CTXsp,BLA,26796.0,8964397.0,881508629.0,2334.0,147.0,334.54235706821913
BMAa,brain,grey,CTXsp,BMA,49159.0,15305144.0,1474489848.0,1623.0,98.0,311.3396122785248
BMAp,brain,grey,CTXsp,BMA,45909.0,16534723.0,1552717867.0,3387.0,100.0,360.16299636236903
BST,brain,grey,PAL,BST,85792.0,27755180.0,2815351008.0,912.0,17.0,323.517111152555
CA1-unassigned,brain,grey,HPF,CA1,1.0,139.0,19321.0,139.0,139.0,139.0
CA1slm,brain,grey,HPF,CA1,123518.0,51247115.0,4017501289.0,2486.0,12.0,414.8959260998397
CA1so,brain,grey,HPF,CA1,230807.0,93439844.0,7535276534.0,2486.0,3.0,404.8397318972128
CA1sp,brain,grey,HPF,CA1,60050.0,23024280.0,2022811214.0,1530.0,87.0,383.41848459616983
CA1sr,brain,grey,HPF,CA1,238992.0,100935151.0,7956165511.0,2900.0,19.0,422.3369443328647
CA2slm,brain,grey,HPF,CA2,7708.0,4105041.0,254416515.0,1432.0,162.0,532.5688894654904
CA2so,brain,grey,HPF,CA2,8458.0,4364968.0,274111760.0,1017.0,19.0,516.075668006621
CA2sp,brain,grey,HPF,CA2,3841.0,2269141.0,130847743.0,1343.0,174.0,590.7682895079406
CA2sr,brain,grey,HPF,CA2,10400.0,5235322.0,339148944.0,1594.0,189.0,503.39634615384614
CA3slm,brain,grey,HPF,CA3,40786.0,18249948.0,1316570544.0,1303.0,220.0,447.456185946158
CA3slu,brain,grey,HPF,CA3,42640.0,14192827.0,1303642683.0,1099.0,121.0,332.85241557223264
CA3so,brain,grey,HPF,CA3,135329.0,48672055.0,4420180135.0,1876.0,24.0,359.6572427195945
CA3sp,brain,grey,HPF,CA3,83476.0,26969595.0,2843029375.0,1329.0,81.0,323.0820235756385
CA3sr,brain,grey,HPF,CA3,98656.0,37159378.0,3334196186.0,1117.0,171.0,376.65603713915016
CB-unassigned,brain,grey,CB,CB-unassigned,52787.0,4498450.0,525651148.0,2549.0,0.0,85.21889859245647
CEAc,brain,grey,STR,CEA,19807.0,6871744.0,640894652.0,716.0,91.0,346.93512394607967
CEAl,brain,grey,STR,CEA,16635.0,5325480.0,557134712.0,1861.0,39.0,320.1370604147881
CEAm,brain,grey,STR,CEA,47891.0,14150496.0,1445916368.0,4342.0,76.0,295.4729698690777
CENT2,brain,grey,CB,CENT,85398.0,25794706.0,2726334422.0,1408.0,9.0,302.0528115412539
CENT3,brain,grey,CB,CENT,175414.0,61518447.0,5735731313.0,3181.0,15.0,350.70431664519367
CL,brain,grey,TH,CL,23142.0,3741855.0,625218117.0,412.0,20.0,161.69108115115375
CLA,brain,grey,CTXsp,CLA,35283.0,11191011.0,1138783837.0,2675.0,30.0,317.17855624521724
CLI,brain,grey,MB,CLI,5340.0,540310.0,63085182.0,310.0,15.0,101.18164794007491
CM,brain,grey,TH,CM,15985.0,4072105.0,589111905.0,698.0,95.0,254.74538629965593
COAa,brain,grey,OLF,COAa,49142.0,13238716.0,1511054724.0,1368.0,58.0,269.39717553213137
COApl,brain,grey,OLF,COAp,76930.0,22092692.0,2507558374.0,2002.0,39.0,287.17914987651113
COApm,brain,grey,OLF,COAp,82891.0,27088734.0,2722646006.0,2029.0,17.0,326.7994595311916
COPY,brain,grey,CB,COPY,160428.0,50056230.0,5416662080.0,2519.0,24.0,312.0167925798489
CP,brain,grey,STR,CP,1665238.0,467726462.0,53051473160.0,3297.0,2.0,280.87664465980237
CS,brain,grey,P,CS,38338.0,3550547.0,388179489.0,262.0,0.0,92.61169075069122
CTXsp-unassigned,brain,grey,CTXsp,CTXsp-unassigned,23955.0,6832907.0,793690461.0,2981.0,69.0,285.2392819870591
CU,brain,grey,MY,CU,21342.0,1791410.0,177823078.0,243.0,14.0,83.93824383844063
"CUL4, 5",brain,grey,CB,CUL,430441.0,155259291.0,14147402315.0,5790.0,9.0,360.69819324831974
CUN,brain,grey,MB,CUN,35272.0,3785088.0,458247992.0,508.0,14.0,107.31140848264913
DCO,brain,grey,MY,DCO,39123.0,6677145.0,982338531.0,559.0,19.0,170.67057740970785
DEC,brain,grey,CB,DEC,213303.0,72080105.0,6894144989.0,2884.0,10.0,337.923540690942
DG-mo,brain,grey,HPF,DG,275873.0,87507948.0,8503061732.0,3116.0,1.0,317.2037423017113
DG-po,brain,grey,HPF,DG,44096.0,12155994.0,1422406340.0,1068.0,79.0,275.67112663280113
DG-sg,brain,grey,HPF,DG,102261.0,19465079.0,3131626101.0,2109.0,33.0,190.34704334985966
DMH,brain,grey,HY,DMH,24068.0,6853523.0,730235441.0,530.0,104.0,284.7566478311451
DMX,brain,grey,MY,DMX,11139.0,2648094.0,404910700.0,398.0,51.0,237.73175329921895
DN,brain,grey,CB,DN,21510.0,4165887.0,678971385.0,407.0,24.0,193.6721059972106
DP,brain,grey,OLF,DP,32116.0,10653961.0,1062151539.0,1414.0,8.0,331.7337464192303
DR,brain,grey,MB,DR,9814.0,2118029.0,378688317.0,489.0,91.0,215.81709802323212
DT,brain,grey,MB,DT,725.0,59026.0,6032328.0,191.0,11.0,81.4151724137931
DTN,brain,grey,P,DTN,6637.0,1694607.0,217174107.0,430.0,103.0,255.3272562904927
ECT1,brain,grey,Isocortex,ECT,16685.0,3754938.0,545469746.0,588.0,2.0,225.04872640095894
ECT2/3,brain,grey,Isocortex,ECT,30445.0,7119615.0,1030184385.0,2890.0,97.0,233.85169978650023
ECT5,brain,grey,Isocortex,ECT,33862.0,9976622.0,836128224.0,1866.0,124.0,294.62589333175833
ECT6a,brain,grey,Isocortex,ECT,24962.0,6557965.0,772308017.0,1938.0,33.0,262.71793125550835
ECT6b,brain,grey,Isocortex,ECT,3606.0,688392.0,124833440.0,1058.0,36.0,190.9018302828619
ECU,brain,grey,MY,ECU,13130.0,912947.0,79583021.0,239.0,8.0,69.53137852246763
ENTl1,brain,grey,HPF,ENTl,62794.0,15525122.0,2028897410.0,1309.0,4.0,247.23894002611715
ENTl2,brain,grey,HPF,ENTl,102602.0,22551538.0,3809063052.0,1503.0,17.0,219.79628077425392
ENTl3,brain,grey,HPF,ENTl,84281.0,24508042.0,2523770802.0,1634.0,51.0,290.78964416653815
ENTl5,brain,grey,HPF,ENTl,91401.0,28422769.0,2703675533.0,2894.0,42.0,310.967812168357
ENTl6a,brain,grey,HPF,ENTl,67154.0,17297200.0,2255910952.0,2254.0,32.0,257.5751258301814
ENTm1,brain,grey,HPF,ENTm,79710.0,26363490.0,2576039500.0,2176.0,13.0,330.7425668046669
ENTm2,brain,grey,HPF,ENTm,80671.0,21341719.0,2825984581.0,1663.0,73.0,264.552552962031
ENTm3,brain,grey,HPF,ENTm,62938.0,15927065.0,2212498587.0,1653.0,82.0,253.05959833486924
ENTm5,brain,grey,HPF,ENTm,58465.0,15294127.0,1900090053.0,2626.0,60.0,261.59457795262125
ENTm6,brain,grey,HPF,ENTm,40183.0,9593342.0,1347684766.0,1607.0,61.0,238.7413085135505
EPd,brain,grey,CTXsp,EPd,116294.0,32195137.0,4052591739.0,2457.0,25.0,276.8426316061018
EPv,brain,grey,CTXsp,EPv,62260.0,18818003.0,2058160133.0,2522.0,103.0,302.2486829424992
EW,brain,grey,MB,EW,1664.0,275599.0,45816119.0,280.0,61.0,165.62439903846155
Eth,brain,grey,TH,Eth,15130.0,2127616.0,324237218.0,285.0,23.0,140.62233972240583
FC,brain,grey,HPF,FC,3970.0,522308.0,67041122.0,366.0,0.0,131.56372795969773
FF,brain,grey,HY,ZI,15439.0,1697759.0,202874145.0,237.0,22.0,109.96560658073709
FL,brain,grey,CB,FL,85475.0,17952139.0,2832806711.0,839.0,0.0,210.02794969289266
FN,brain,grey,CB,FN,32062.0,2302196.0,205109536.0,224.0,13.0,71.804503773938
FOTU,brain,grey,CB,FOTU,67534.0,19418175.0,2312478537.0,1130.0,21.0,287.5318358160334
FRP1,brain,grey,Isocortex,FRP,16219.0,3325335.0,554778561.0,601.0,3.0,205.0271286762439
FRP2/3,brain,grey,Isocortex,FRP,14978.0,4054096.0,531898314.0,986.0,125.0,270.67004940579517
FRP5,brain,grey,Isocortex,FRP,23779.0,8242092.0,783332046.0,2138.0,151.0,346.6122208671517
FRP6a,brain,grey,Isocortex,FRP,7184.0,1976683.0,234619215.0,925.0,114.0,275.1507516703786
FRP6b,brain,grey,Isocortex,FRP,67.0,8809.0,1176157.0,177.0,104.0,131.47761194029852
FS,brain,grey,STR,FS,27633.0,7662354.0,889053884.0,1364.0,17.0,277.2899793724894
GPe,brain,grey,PAL,GPe,100114.0,14572927.0,2215316493.0,376.0,13.0,145.5633278063008
GPi,brain,grey,PAL,GPi,27100.0,1595271.0,123708631.0,275.0,10.0,58.86608856088561
GR,brain,grey,MY,GR,5232.0,461530.0,46182606.0,337.0,20.0,88.21292048929664
GRN,brain,grey,MY,GRN,167474.0,9441203.0,608273443.0,188.0,9.0,56.374141657809574
GU1,brain,grey,Isocortex,GU,12588.0,2907717.0,398694235.0,503.0,5.0,230.9911820781697
GU2/3,brain,grey,Isocortex,GU,25735.0,7722286.0,874047558.0,1383.0,37.0,300.0693996502817
GU4,brain,grey,Isocortex,GU,9427.0,3551185.0,310121513.0,1119.0,101.0,376.7036172695449
GU5,brain,grey,Isocortex,GU,34860.0,11502488.0,1126515262.0,1468.0,40.0,329.962363740677
GU6a,brain,grey,Isocortex,GU,28068.0,7989507.0,881451669.0,1913.0,37.0,284.64824711415133
GU6b,brain,grey,Isocortex,GU,2518.0,631280.0,91179106.0,736.0,123.0,250.70691024622715
HATA,brain,grey,HPF,HATA,27017.0,7457815.0,890218879.0,1211.0,44.0,276.04156642114225
HPF-unassigned,brain,grey,HPF,HPF-unassigned,26960.0,4339537.0,603538403.0,651.0,1.0,160.96205489614243
HY-unassigned,brain,grey,HY,HY-unassigned,176430.0,42428961.0,5412367667.0,862.0,8.0,240.4860908008842
I5,brain,grey,P,I5,2819.0,240658.0,21445714.0,153.0,41.0,85.36998935792835
IA,brain,grey,STR,IA,11701.0,3594262.0,376638048.0,1441.0,125.0,307.17562601487055
IAD,brain,grey,TH,IAD,7225.0,1775557.0,263622065.0,515.0,116.0,245.7518339100346
IAM,brain,grey,TH,IAM,2742.0,828898.0,86355650.0,463.0,94.0,302.2968636032093
ICB,brain,grey,MY,ICB,3458.0,132693.0,5531713.0,87.0,17.0,38.37275882012724
ICc,brain,grey,MB,IC,72083.0,20357397.0,2217443143.0,527.0,55.0,282.41606203959327
ICd,brain,grey,MB,IC,84648.0,24867581.0,2832569553.0,459.0,63.0,293.7763562045175
ICe,brain,grey,MB,IC,127870.0,26498225.0,3901060047.0,431.0,36.0,207.22784859623056
IF,brain,grey,MB,IF,5559.0,997668.0,155037690.0,457.0,21.0,179.46896923907178
IG,brain,grey,HPF,IG,7958.0,1789291.0,199345493.0,1114.0,2.0,224.8417944207087
IGL,brain,grey,TH,IGL,4415.0,438202.0,45933928.0,218.0,23.0,99.25300113250283
III,brain,grey,MB,III,2084.0,248851.0,30590165.0,183.0,43.0,119.41026871401152
IIIn-unassigned,brain,fiber tracts,cm,IIIn,521.0,97378.0,12942494.0,306.0,28.0,186.9059500959693
IIn-unassigned,brain,fiber tracts,cm,IIn,4540.0,32482.0,366962.0,83.0,1.0,7.154625550660793
ILA1,brain,grey,Isocortex,ILA,9609.0,3717035.0,317653337.0,1004.0,26.0,386.82849412009574
ILA2/3,brain,grey,Isocortex,ILA,9157.0,3356550.0,310580928.0,1241.0,183.0,366.55564049361146
ILA5,brain,grey,Isocortex,ILA,21394.0,7819470.0,742095800.0,1514.0,133.0,365.49827054314295
ILA6a,brain,grey,Isocortex,ILA,13114.0,4075998.0,448346096.0,2141.0,108.0,310.8127192313558
ILA6b,brain,grey,Isocortex,ILA,689.0,140894.0,25804286.0,688.0,131.0,204.49056603773585
IMD,brain,grey,TH,IMD,11270.0,3031298.0,329036584.0,468.0,115.0,268.97054125998227
INC,brain,grey,MB,PAG,5086.0,363993.0,30100335.0,183.0,24.0,71.56763664962642
IO,brain,grey,MY,IO,32619.0,2390650.0,215897960.0,230.0,14.0,73.29010699285692
IP,brain,grey,CB,IP,55134.0,6824296.0,938726980.0,318.0,22.0,123.77654441905176
IPA,brain,grey,MB,IPN,1631.0,398642.0,56977306.0,444.0,85.0,244.41569589209075
IPC,brain,grey,MB,IPN,4363.0,1507970.0,134484810.0,707.0,35.0,345.6268622507449
IPDL,brain,grey,MB,IPN,2425.0,534651.0,71807995.0,449.0,49.0,220.47463917525772
IPDM,brain,grey,MB,IPN,1214.0,214382.0,36757590.0,335.0,58.0,176.59143327841846
IPI,brain,grey,MB,IPN,2104.0,673551.0,65304493.0,605.0,26.0,320.12880228136885
IPL,brain,grey,MB,IPN,3967.0,787538.0,102266688.0,541.0,21.0,198.5223090496597
IPN-unassigned,brain,grey,MB,IPN,777.0,80178.0,9316242.0,257.0,37.0,103.1891891891892
IPR,brain,grey,MB,IPN,5112.0,1080349.0,163157411.0,402.0,17.0,211.33587636932708
IPRL,brain,grey,MB,IPN,1224.0,284745.0,41127683.0,414.0,31.0,232.63480392156862
IRN,brain,grey,MY,IRN,177667.0,16638119.0,1736698661.0,244.0,0.0,93.6477736439519
ISN,brain,grey,MY,ISN,460.0,83754.0,15001246.0,293.0,100.0,182.07391304347826
IV,brain,grey,MB,IV,454.0,103346.0,15438524.0,324.0,52.0,227.63436123348018
IVn,brain,fiber tracts,cm,IVn,448.0,36084.0,3499740.0,194.0,8.0,80.54464285714286
IntG,brain,grey,TH,IntG,1448.0,145576.0,15356014.0,171.0,49.0,100.53591160220995
KF,brain,grey,P,PB,11222.0,1048413.0,111870769.0,236.0,9.0,93.42479058991267
LA,brain,grey,CTXsp,LA,53680.0,20295172.0,1759541114.0,3348.0,5.0,378.0769746646796
LAV,brain,grey,MY,LAV,18403.0,1007619.0,70834607.0,271.0,9.0,54.752975058414386
LC,brain,grey,P,LC,931.0,171834.0,32607858.0,270.0,74.0,184.56928034371643
LD,brain,grey,TH,LD,65017.0,16203094.0,2238625330.0,721.0,11.0,249.21319039635787
LDT,brain,grey,P,LDT,13054.0,3220053.0,452058557.0,1038.0,49.0,246.67174812318063
LGd-co,brain,grey,TH,LGd,26813.0,4427790.0,681744674.0,515.0,30.0,165.13594152090403
LGd-ip,brain,grey,TH,LGd,6134.0,1067871.0,192642283.0,294.0,73.0,174.09047929572873
LGd-sh,brain,grey,TH,LGd,13279.0,2374402.0,412314364.0,455.0,46.0,178.80879584306047
LGv,brain,grey,TH,LGv,25892.0,3651902.0,508120316.0,1648.0,27.0,141.0436428240383
LH,brain,grey,TH,LH,22133.0,4049467.0,616097803.0,411.0,18.0,182.9606018162924
LHA,brain,grey,HY,LHA,132570.0,15956358.0,2122520422.0,577.0,4.0,120.36175605340574
LIN,brain,grey,MY,LIN,3948.0,428516.0,52699464.0,295.0,34.0,108.54002026342452
LING,brain,grey,CB,LING,7751.0,1732876.0,220297028.0,529.0,12.0,223.5680557347439
LM,brain,grey,HY,LM,4951.0,644378.0,84069512.0,426.0,4.0,130.15108058977984
LP,brain,grey,TH,LP,77053.0,12327721.0,2023805955.0,407.0,13.0,159.99014963726268
LPO,brain,grey,HY,LPO,35519.0,6791710.0,992418438.0,513.0,40.0,191.21343506292408
LRNm,brain,grey,MY,LRN,32803.0,1619289.0,103116763.0,186.0,7.0,49.36405206840838
LRNp,brain,grey,MY,LRN,3662.0,52427.0,940695.0,57.0,5.0,14.316493719279082
LSc,brain,grey,STR,LSc,36018.0,8356277.0,1129737119.0,2795.0,12.0,232.00280415347882
LSr,brain,grey,STR,LSr,120383.0,28783365.0,3896884889.0,1324.0,15.0,239.09825307560038
LSv,brain,grey,STR,LSv,38886.0,10887426.0,1130168782.0,614.0,54.0,279.9831816077766
LT,brain,grey,MB,LT,1147.0,122610.0,14062758.0,344.0,30.0,106.89625108979948
MA,brain,grey,PAL,MA,23333.0,3484420.0,533935698.0,1346.0,18.0,149.33441906312947
MA3,brain,grey,MB,MA3,1040.0,200855.0,37968467.0,274.0,95.0,193.12980769230768
MARN,brain,grey,MY,MARN,34099.0,2093868.0,148424554.0,177.0,14.0,61.40555441508548
MB-unassigned,brain,grey,MB,MB-unassigned,433116.0,57799780.0,7935626024.0,611.0,1.0,133.45103852085816
MD,brain,grey,TH,MD,88198.0,20622787.0,3020066435.0,737.0,18.0,233.82374883784212
MDRNd,brain,grey,MY,MDRN,69925.0,6292441.0,673628233.0,234.0,0.0,89.98843046120844
MDRNv,brain,grey,MY,MDRN,60123.0,4385606.0,394099248.0,265.0,0.0,72.94389834173278
ME,brain,grey,HY,ME,5077.0,255209.0,15798767.0,142.0,2.0,50.26767776245814
MEA,brain,grey,STR,MEA,129772.0,34762001.0,4111363691.0,1518.0,7.0,267.8698101285331
MEPO,brain,grey,HY,MEPO,2595.0,564983.0,79052593.0,484.0,64.0,217.7198458574181
MGd,brain,grey,TH,MG,11021.0,1680974.0,275441200.0,269.0,36.0,152.52463478813175
MGm,brain,grey,TH,MG,16021.0,1508591.0,155459321.0,214.0,35.0,94.16334810561139
MGv,brain,grey,TH,MG,17737.0,2542801.0,391386215.0,300.0,29.0,143.36139144161922
MH,brain,grey,TH,MH,20492.0,2056261.0,261047299.0,360.0,0.0,100.34457349209448
MMd,brain,grey,HY,MM,4877.0,1078779.0,152423479.0,429.0,16.0,221.197252409268
MMl,brain,grey,HY,MM,13659.0,1782460.0,242936820.0,375.0,7.0,130.49710813383118
MMm,brain,grey,HY,MM,8710.0,1859676.0,303956458.0,386.0,64.0,213.51044776119403
MMme,brain,grey,HY,MM,4967.0,952111.0,153077725.0,367.0,65.0,191.68733642037446
MMp,brain,grey,HY,MM,2388.0,382951.0,62244007.0,357.0,28.0,160.36474036850922
MOB-unassigned,brain,grey,OLF,MOB,275247.0,72677753.0,8789388197.0,2705.0,1.0,264.04557724516525
MOBgr,brain,grey,OLF,MOB,331664.0,48947285.0,7839293503.0,812.0,3.0,147.58094034926913
MOBipl,brain,grey,OLF,MOB,66301.0,13655469.0,2310605525.0,1230.0,3.0,205.9617351171174
MOBmi,brain,grey,OLF,MOB,68709.0,18425337.0,2251570665.0,929.0,5.0,268.1648255687028
MOBopl,brain,grey,OLF,MOB,322657.0,113111012.0,10545747380.0,1066.0,1.0,350.5611593735763
MOp1,brain,grey,Isocortex,MOp,85116.0,25902653.0,2837804617.0,806.0,1.0,304.3217843883641
MOp2/3,brain,grey,Isocortex,MOp,236101.0,97695364.0,7850904942.0,4810.0,24.0,413.78632026124416
MOp5,brain,grey,Isocortex,MOp,209457.0,91675563.0,6897353857.0,3333.0,57.0,437.6820206534038
MOp6a,brain,grey,Isocortex,MOp,184072.0,59910842.0,6108508318.0,2918.0,25.0,325.47504237472293
MOp6b,brain,grey,Isocortex,MOp,11852.0,1790766.0,278447914.0,653.0,31.0,151.0939925750928
MOs1,brain,grey,Isocortex,MOs,148747.0,40515507.0,4601247221.0,943.0,2.0,272.3786496534384
MOs2/3,brain,grey,Isocortex,MOs,243488.0,86653954.0,7873561120.0,2978.0,41.0,355.88593277697464
MOs5,brain,grey,Isocortex,MOs,289459.0,117770070.0,9446473838.0,3546.0,59.0,406.8626990350965
MOs6a,brain,grey,Isocortex,MOs,152198.0,45106102.0,4960549868.0,2378.0,49.0,296.36461714345785
MOs6b,brain,grey,Isocortex,MOs,4786.0,632287.0,85354543.0,461.0,63.0,132.11178437108234
MPN,brain,grey,HY,MPN,25896.0,7975023.0,920563217.0,561.0,96.0,307.9635078776645
MPO,brain,grey,HY,MPO,35645.0,11426417.0,1232423301.0,489.0,131.0,320.56156543694766
MPT,brain,grey,MB,MPT,2821.0,526114.0,81176544.0,424.0,51.0,186.49911378943636
MRN,brain,grey,MB,MRN,329045.0,25782823.0,2296289527.0,310.0,2.0,78.3565257031713
MS,brain,grey,PAL,MS,26547.0,6062409.0,688247371.0,584.0,29.0,228.36512600293818
MT,brain,grey,MB,MT,2753.0,494578.0,73774470.0,415.0,8.0,179.65056302215766
MV,brain,grey,MY,MV,116330.0,14638017.0,1989366723.0,456.0,8.0,125.83183185764635
MY-unassigned,brain,grey,MY,MY-unassigned,340254.0,11842341.0,963033645.0,473.0,0.0,34.80441376148407
NB,brain,grey,MB,NB,5607.0,399888.0,31238520.0,165.0,25.0,71.31942215088283
ND,brain,grey,MB,PAG,5871.0,767651.0,105259501.0,292.0,27.0,130.75302333503663
NDB,brain,grey,PAL,NDB,47280.0,10265398.0,1471485240.0,693.0,7.0,217.11924703891708
NI,brain,grey,P,NI,6776.0,1394822.0,256984518.0,418.0,51.0,205.8474025974026
NLL,brain,grey,P,NLL,46328.0,4351138.0,469160310.0,292.0,20.0,93.92026420307373
NLOT1,brain,grey,OLF,NLOT,7131.0,1970910.0,247441828.0,1886.0,82.0,276.3862010938157
NLOT2,brain,grey,OLF,NLOT,9563.0,3087018.0,312013832.0,1101.0,138.0,322.8085328871693
NLOT3,brain,grey,OLF,NLOT,3701.0,1145322.0,118794340.0,811.0,106.0,309.4628478789516
NOD,brain,grey,CB,NOD,97149.0,25816644.0,3248860094.0,5124.0,8.0,265.7427662662508
NOT,brain,grey,MB,NOT,13159.0,2032286.0,330117354.0,349.0,34.0,154.44076297591002
NPC,brain,grey,MB,NPC,18484.0,3156488.0,529775206.0,353.0,53.0,170.76866479117075
NR,brain,grey,MY,NR,1943.0,376481.0,65570717.0,348.0,71.0,193.76273803396808
NTB,brain,grey,MY,NTB,9895.0,422361.0,20154287.0,113.0,11.0,42.684284992420416
NTS,brain,grey,MY,NTS,54354.0,9258299.0,1410184759.0,424.0,22.0,170.33335173124334
OLF-unassigned,brain,grey,OLF,OLF-unassigned,320150.0,78463321.0,8981729025.0,2956.0,0.0,245.08299547087302
OP,brain,grey,MB,OP,3733.0,723383.0,121294311.0,326.0,49.0,193.78060541119743
ORBl1,brain,grey,Isocortex,ORBl,24007.0,7570068.0,735362370.0,850.0,11.0,315.3275294705711
ORBl2/3,brain,grey,Isocortex,ORBl,39769.0,14974097.0,1297809419.0,1747.0,73.0,376.5268676607408
ORBl5,brain,grey,Isocortex,ORBl,77287.0,28774155.0,2506507033.0,2106.0,31.0,372.30265115737444
ORBl6a,brain,grey,Isocortex,ORBl,30562.0,7514631.0,1042420437.0,1402.0,44.0,245.8815195340619
ORBl6b,brain,grey,Isocortex,ORBl,2906.0,545145.0,90455669.0,1097.0,47.0,187.5929112181693
ORBm1,brain,grey,Isocortex,ORBm,26955.0,8374847.0,838150567.0,1061.0,3.0,310.69734743090333
ORBm2/3,brain,grey,Isocortex,ORBm,20153.0,7395266.0,681181370.0,1636.0,176.0,366.9560859425396
ORBm5,brain,grey,Isocortex,ORBm,30184.0,11031937.0,1020214991.0,1229.0,190.0,365.48956400742117
ORBm6a,brain,grey,Isocortex,ORBm,11931.0,3196122.0,399418716.0,1907.0,116.0,267.88383203419664
ORBm6b,brain,grey,Isocortex,ORBm,243.0,39052.0,6287296.0,296.0,104.0,160.70781893004116
ORBvl1,brain,grey,Isocortex,ORBvl,24693.0,8556577.0,817716951.0,1762.0,62.0,346.5183250313854
ORBvl2/3,brain,grey,Isocortex,ORBvl,33502.0,11411118.0,1132272272.0,2201.0,124.0,340.61005313115635
ORBvl5,brain,grey,Isocortex,ORBvl,39639.0,14292075.0,1336935421.0,2410.0,112.0,360.5558919246197
ORBvl6a,brain,grey,Isocortex,ORBvl,15242.0,3795593.0,497756647.0,1125.0,81.0,249.0219787429471
ORBvl6b,brain,grey,Isocortex,ORBvl,647.0,104444.0,16847894.0,406.0,93.0,161.42812982998456
OT,brain,grey,STR,OT,244420.0,65356535.0,8059760189.0,1166.0,2.0,267.3943826200802
OV,brain,grey,HY,OV,560.0,62695.0,7389035.0,221.0,49.0,111.95535714285714
P-unassigned,brain,grey,P,P-unassigned,231346.0,12087812.0,1046906760.0,448.0,0.0,52.24992867825681
P5,brain,grey,P,P5,20516.0,2489022.0,324176654.0,248.0,26.0,121.32101774224995
PA,brain,grey,CTXsp,PA,61821.0,20684328.0,2045456070.0,3841.0,65.0,334.5841704275246
PAA,brain,grey,OLF,PAA,76240.0,20999991.0,2436271725.0,1455.0,52.0,275.4458420776495
PAG-unassigned,brain,grey,MB,PAG,275647.0,59371304.0,9263694952.0,912.0,7.0,215.3888995708279
PAL-unassigned,brain,grey,PAL,PAL-unassigned,72279.0,8867921.0,1230768329.0,1293.0,1.0,122.69014513205772
PAR,brain,grey,HPF,PAR,59690.0,20729173.0,1954222467.0,4008.0,14.0,347.28049924610485
PARN,brain,grey,MY,PARN,143835.0,11442744.0,1075158706.0,239.0,8.0,79.55465637709877
PAS,brain,grey,MY,PAS,1790.0,194966.0,22851610.0,223.0,41.0,108.9195530726257
PB-unassigned,brain,grey,P,PB,60544.0,8656510.0,1233013260.0,391.0,7.0,142.97882531712474
PBG,brain,grey,MB,PBG,2852.0,332576.0,41747288.0,236.0,43.0,116.61150070126227
PC5,brain,grey,P,PC5,4487.0,406586.0,46264468.0,310.0,8.0,90.61421885446846
PCG,brain,grey,P,PCG,34776.0,7955976.0,1181716818.0,580.0,28.0,228.77777777777777
PCN,brain,grey,TH,PCN,15258.0,3187641.0,581178719.0,512.0,61.0,208.91604404246954
PD,brain,grey,HY,PD,743.0,270650.0,23152314.0,464.0,284.0,364.2664872139973
PDTg,brain,grey,P,PDTg,3062.0,701869.0,116166705.0,474.0,104.0,229.21913781841934
PERI1,brain,grey,Isocortex,PERI,14224.0,3104707.0,474082939.0,813.0,0.0,218.2724268841395
PERI2/3,brain,grey,Isocortex,PERI,21305.0,4906504.0,742693900.0,1101.0,89.0,230.29823984980052
PERI5,brain,grey,Isocortex,PERI,10756.0,3144071.0,263540677.0,1158.0,149.0,292.30857195983634
PERI6a,brain,grey,Isocortex,PERI,3437.0,869524.0,119510486.0,801.0,114.0,252.98923479778878
PERI6b,brain,grey,Isocortex,PERI,843.0,151380.0,27280818.0,325.0,74.0,179.5729537366548
PF,brain,grey,TH,PF,31335.0,5043020.0,829803084.0,377.0,61.0,160.93888622945587
PFL,brain,grey,CB,PFL,366493.0,68554111.0,11306430905.0,2811.0,0.0,187.05435301629225
PG,brain,grey,P,PG,61699.0,4139731.0,338481193.0,272.0,9.0,67.09559312144444
PGRNd,brain,grey,MY,PGRNd,15277.0,1001320.0,78349506.0,222.0,12.0,65.5442822543693
PGRNl,brain,grey,MY,PGRNl,45444.0,2575538.0,180828324.0,202.0,9.0,56.67498459642637
PH,brain,grey,HY,PH,45251.0,11956433.0,1343807557.0,469.0,58.0,264.22472431548476
PIL,brain,grey,TH,PIL,11240.0,1585842.0,240778648.0,267.0,39.0,141.08914590747332
PIR,brain,grey,OLF,PIR,740202.0,241077497.0,24141676505.0,3808.0,4.0,325.69149637531376
PL1,brain,grey,Isocortex,PL,33240.0,12639199.0,1080902421.0,1262.0,10.0,380.2406438026474
PL2/3,brain,grey,Isocortex,PL,26811.0,10008402.0,900582262.0,2149.0,96.0,373.2946178807206
PL5,brain,grey,Isocortex,PL,63042.0,24243413.0,1955048129.0,2865.0,81.0,384.5597062275943
PL6a,brain,grey,Isocortex,PL,29663.0,9056223.0,966014875.0,1433.0,59.0,305.303677982672
PL6b,brain,grey,Isocortex,PL,1371.0,241143.0,41893611.0,348.0,99.0,175.88840262582056
PMd,brain,grey,HY,PMd,8433.0,2098012.0,281496824.0,409.0,79.0,248.78595991936442
PMv,brain,grey,HY,PMv,12528.0,2695392.0,497605008.0,360.0,105.0,215.1494252873563
PN,brain,grey,MB,PN,1406.0,229930.0,37167720.0,306.0,51.0,163.5348506401138
PO,brain,grey,TH,PO,80140.0,15291695.0,2713192435.0,396.0,22.0,190.81226603443974
POL,brain,grey,TH,POL,13149.0,1280090.0,145203810.0,291.0,27.0,97.35265039166477
POR,brain,grey,P,SOC,23362.0,1232925.0,83844673.0,189.0,7.0,52.77480523927746
POST,brain,grey,HPF,POST,69144.0,17011016.0,2172986062.0,1491.0,21.0,246.0230244128196
PP,brain,grey,TH,PP,3932.0,526147.0,75070163.0,237.0,53.0,133.8115462868769
PPN,brain,grey,MB,PPN,56987.0,4390964.0,393175310.0,284.0,14.0,77.05202941021636
PPT,brain,grey,MB,PPT,9225.0,1503764.0,255081764.0,598.0,68.0,163.00964769647697
PPY,brain,grey,MY,PPY,6058.0,259470.0,13326162.0,113.0,10.0,42.830967315945855
PR,brain,grey,TH,PR,9697.0,3653945.0,327385535.0,778.0,129.0,376.81190058781067
PRC,brain,grey,MB,PAG,10968.0,1937189.0,347233793.0,377.0,11.0,176.62190007293947
PRE,brain,grey,HPF,PRE,59134.0,18320686.0,1938079132.0,2904.0,13.0,309.81645077282104
PRM,brain,grey,CB,PRM,312452.0,90000310.0,10506476416.0,4838.0,7.0,288.0452357482109
PRNc,brain,grey,P,PRNc,150278.0,9071459.0,602855543.0,143.0,13.0,60.36451776041736
PRNr,brain,grey,P,PRNr,151264.0,10600138.0,798498212.0,212.0,1.0,70.07707055214723
PRP,brain,grey,MY,PRP,15398.0,1855705.0,234552639.0,273.0,41.0,120.51597610079232
PS,brain,grey,HY,PS,6173.0,2717798.0,201085620.0,1041.0,290.0,440.27182893244776
PST,brain,grey,HY,PST,816.0,88532.0,10926776.0,203.0,43.0,108.49509803921569
PSTN,brain,grey,HY,PSTN,10628.0,1852784.0,332878402.0,312.0,39.0,174.3304478735416
PSV,brain,grey,P,PSV,70327.0,6923795.0,815859947.0,268.0,7.0,98.45144823467515
PT,brain,grey,TH,PT,14706.0,5158814.0,476117456.0,2788.0,78.0,350.796545627635
PVH,brain,grey,HY,PVH,12076.0,2923294.0,368969186.0,801.0,47.0,242.0746936071547
PVHd,brain,grey,HY,PVHd,8369.0,2669248.0,280034932.0,479.0,55.0,318.9446767833672
PVT,brain,grey,TH,PVT,28430.0,7828064.0,887948642.0,1710.0,2.0,275.345198733732
PVa,brain,grey,HY,PVa,3191.0,469669.0,73798451.0,226.0,50.0,147.18552178000627
PVi,brain,grey,HY,PVi,12826.0,2079223.0,345260635.0,362.0,24.0,162.11001091532825
PVp,brain,grey,HY,PVp,8126.0,1044679.0,149075743.0,436.0,7.0,128.5600541471819
PVpo,brain,grey,HY,PVpo,9158.0,1544890.0,259834438.0,330.0,44.0,168.69294605809128
PYR,brain,grey,CB,PYR,79865.0,28733524.0,2620456466.0,1001.0,26.0,359.77617229074065
Pa4,brain,grey,MB,Pa4,1025.0,78449.0,6519933.0,186.0,20.0,76.53560975609756
Pa5,brain,grey,MY,Pa5,6563.0,195731.0,10131613.0,152.0,5.0,29.823403931129057
PeF,brain,grey,HY,PeF,13728.0,3350571.0,454907373.0,446.0,73.0,244.06840034965035
PoT,brain,grey,TH,PoT,17909.0,1185004.0,86786238.0,155.0,18.0,66.1680719191468
ProS,brain,grey,HPF,ProS,83191.0,28194923.0,2800252499.0,2363.0,22.0,338.91794785493624
RCH,brain,grey,HY,RCH,9449.0,1535569.0,263111359.0,992.0,15.0,162.51127103397184
RE,brain,grey,TH,RE,27167.0,9532663.0,849746695.0,959.0,115.0,350.89126513785106
RH,brain,grey,TH,RH,5829.0,1478175.0,201408315.0,661.0,118.0,253.58980957282552
RL,brain,grey,MB,RL,3546.0,207102.0,17947700.0,209.0,11.0,58.404399323181046
RM,brain,grey,MY,RM,7657.0,630027.0,58440843.0,173.0,18.0,82.2811806190414
RN,brain,grey,MB,RN,50443.0,3575393.0,280506963.0,195.0,16.0,70.87986440140357
RO,brain,grey,MY,RO,2455.0,110736.0,5907116.0,154.0,11.0,45.10631364562118
RPA,brain,grey,MY,RPA,4336.0,98411.0,3844357.0,118.0,2.0,22.696263837638377
RPF,brain,grey,MB,RPF,3993.0,644733.0,110077817.0,263.0,38.0,161.46581517655898
RPO,brain,grey,P,RPO,6164.0,281733.0,15820335.0,187.0,9.0,45.70619727449708
RR,brain,grey,MB,RR,8846.0,998535.0,121609547.0,233.0,36.0,112.87983269274248
RSPagl1,brain,grey,Isocortex,RSPagl,32392.0,9949321.0,1048764235.0,1896.0,4.0,307.15364904914793
RSPagl2/3,brain,grey,Isocortex,RSPagl,42857.0,13955317.0,1397086915.0,3341.0,117.0,325.62514875049584
RSPagl5,brain,grey,Isocortex,RSPagl,46896.0,16531467.0,1429886275.0,2955.0,144.0,352.5133700102354
RSPagl6a,brain,grey,Isocortex,RSPagl,26287.0,7652476.0,851759868.0,1862.0,87.0,291.11256514627
RSPagl6b,brain,grey,Isocortex,RSPagl,2311.0,395994.0,66038192.0,1266.0,80.0,171.35179575941152
RSPd1,brain,grey,Isocortex,RSPd,52969.0,15414220.0,1666369986.0,972.0,8.0,291.0045498310333
RSPd2/3,brain,grey,Isocortex,RSPd,62330.0,22793587.0,2010196261.0,2945.0,6.0,365.69207444248354
RSPd5,brain,grey,Isocortex,RSPd,77137.0,25905112.0,2521763158.0,2646.0,3.0,335.8325058013664
RSPd6a,brain,grey,Isocortex,RSPd,48445.0,12723257.0,1613869877.0,2683.0,31.0,262.63302714418415
RSPd6b,brain,grey,Isocortex,RSPd,2047.0,315189.0,48445027.0,868.0,84.0,153.9760625305325
RSPv1,brain,grey,Isocortex,RSPv,60568.0,16546588.0,1942689022.0,874.0,4.0,273.19026548672565
RSPv2/3,brain,grey,Isocortex,RSPv,65218.0,20723706.0,2105856170.0,3287.0,14.0,317.7605262350885
RSPv5,brain,grey,Isocortex,RSPv,107310.0,40271168.0,3598281486.0,4656.0,8.0,375.2787997390737
RSPv6a,brain,grey,Isocortex,RSPv,42175.0,11562183.0,1313071583.0,1494.0,64.0,274.14778897451095
RSPv6b,brain,grey,Isocortex,RSPv,3121.0,605908.0,114026678.0,609.0,75.0,194.13905799423262
RT,brain,grey,TH,RT,92624.0,13513481.0,1899826827.0,1532.0,22.0,145.8961068405597
SAG,brain,grey,MB,SAG,6286.0,1164344.0,215010322.0,312.0,69.0,185.228125994273
SBPV,brain,grey,HY,SBPV,7008.0,1682720.0,233315650.0,414.0,86.0,240.11415525114154
SCH,brain,grey,HY,SCH,4229.0,648043.0,105997471.0,301.0,28.0,153.23788129581462
SCO,brain,grey,MB,SCO,905.0,66269.0,5977721.0,161.0,7.0,73.22541436464088
SCdg,brain,grey,MB,SCm,76483.0,17582339.0,2303515195.0,436.0,21.0,229.8855824170077
SCdw,brain,grey,MB,SCm,21283.0,4081143.0,685929933.0,337.0,27.0,191.75600244326458
SCig,brain,grey,MB,SCm,130357.0,28408441.0,4487477595.0,439.0,26.0,217.92800540055387
SCiw,brain,grey,MB,SCm,133937.0,32487087.0,4231213857.0,484.0,38.0,242.55498480628953
SCop,brain,grey,MB,SCs,41155.0,7451737.0,1085408065.0,561.0,9.0,181.06516826631028
SCsg,brain,grey,MB,SCs,73727.0,22172908.0,2399328542.0,503.0,59.0,300.74339115927677
SCzo,brain,grey,MB,SCs,23252.0,5383045.0,723071077.0,437.0,22.0,231.50890246000344
SEZ,brain,VS,VL,SEZ,8738.0,1102748.0,153005124.0,430.0,5.0,126.20141908903639
SF,brain,grey,STR,SF,30348.0,2937808.0,350609960.0,600.0,11.0,96.80400685382892
SFO,brain,grey,HY,SFO,1382.0,144419.0,17666047.0,371.0,19.0,104.5
SG,brain,grey,P,SG,1111.0,232286.0,39289874.0,317.0,83.0,209.07830783078307
SGN,brain,grey,TH,SGN,11633.0,1411502.0,186476286.0,240.0,21.0,121.33602682025273
SH,brain,grey,STR,SH,2380.0,681024.0,76562544.0,829.0,72.0,286.14453781512606
SI,brain,grey,PAL,SI,193782.0,48031660.0,6215836632.0,1961.0,23.0,247.8644043306396
SIM,brain,grey,CB,SIM,364470.0,115038563.0,12352036839.0,2351.0,7.0,315.6324608335391
SLC,brain,grey,P,SLC,1694.0,213072.0,28964648.0,321.0,41.0,125.78040141676506
SLD,brain,grey,P,SLD,3015.0,554138.0,101683422.0,308.0,36.0,183.79369817578774
SMT,brain,grey,TH,SMT,19682.0,5197397.0,588750377.0,557.0,42.0,264.0685397825424
SNc,brain,grey,MB,SNc,12629.0,2498159.0,372467427.0,417.0,54.0,197.8113073085755
SNr,brain,grey,MB,SNr,99080.0,20058439.0,2748404785.0,481.0,18.0,202.44690149374242
SO,brain,grey,HY,SO,2998.0,534925.0,75737469.0,383.0,12.0,178.42728485657105
SOCl,brain,grey,P,SOC,21655.0,1846642.0,190346064.0,271.0,11.0,85.27554837220042
SOCm,brain,grey,P,SOC,12516.0,922712.0,73712338.0,172.0,27.0,73.72259507829978
SPA,brain,grey,TH,SPA,8454.0,2207136.0,297022254.0,688.0,52.0,261.07594038325055
SPFm,brain,grey,TH,SPFm,4449.0,1053996.0,176176550.0,964.0,81.0,236.90627107215104
SPFp,brain,grey,TH,SPFp,8597.0,894189.0,100678615.0,217.0,31.0,104.01174828428522
SPIV,brain,grey,MY,SPIV,47927.0,3682913.0,324157903.0,350.0,8.0,76.84422142007637
SPVC,brain,grey,MY,SPVC,107628.0,12400505.0,1603243703.0,321.0,0.0,115.21634704723678
SPVI,brain,grey,MY,SPVI,118142.0,11505097.0,1330068343.0,312.0,6.0,97.38363156201859
SPVO,brain,grey,MY,SPVO,63978.0,5917995.0,674070251.0,298.0,12.0,92.50046891118822
SSp-bfd1,brain,grey,Isocortex,SSp-bfd,53686.0,14517243.0,1535880829.0,839.0,16.0,270.4102186789852
SSp-bfd2/3,brain,grey,Isocortex,SSp-bfd,97044.0,39343632.0,3172283928.0,3614.0,138.0,405.4205515024113
SSp-bfd4,brain,grey,Isocortex,SSp-bfd,82089.0,40466542.0,2685408090.0,3208.0,98.0,492.9593733630572
SSp-bfd5,brain,grey,Isocortex,SSp-bfd,77323.0,36913777.0,2524847403.0,4003.0,152.0,477.39711340739495
SSp-bfd6a,brain,grey,Isocortex,SSp-bfd,83045.0,31758302.0,2731252088.0,3291.0,110.0,382.42280691191525
SSp-bfd6b,brain,grey,Isocortex,SSp-bfd,9389.0,1836370.0,313898672.0,1552.0,58.0,195.58738949834913
SSp-ll1,brain,grey,Isocortex,SSp-ll,19151.0,6096081.0,641657257.0,613.0,19.0,318.3165892120516
SSp-ll2/3,brain,grey,Isocortex,SSp-ll,41382.0,17173718.0,1362091304.0,1671.0,98.0,415.0045430380359
SSp-ll4,brain,grey,Isocortex,SSp-ll,17474.0,8576653.0,560897379.0,2899.0,277.0,490.8236808973332
SSp-ll5,brain,grey,Isocortex,SSp-ll,35564.0,17009975.0,1168596047.0,4586.0,197.0,478.2919525362726
SSp-ll6a,brain,grey,Isocortex,SSp-ll,33771.0,12836641.0,1120480377.0,2535.0,106.0,380.1084066210654
SSp-ll6b,brain,grey,Isocortex,SSp-ll,3223.0,625223.0,108313189.0,919.0,79.0,193.9878994725411
SSp-m1,brain,grey,Isocortex,SSp-m,50090.0,12070977.0,1583155933.0,693.0,2.0,240.9857656218806
SSp-m2/3,brain,grey,Isocortex,SSp-m,95921.0,39770808.0,3137953444.0,2081.0,96.0,414.62044807706343
SSp-m4,brain,grey,Isocortex,SSp-m,60615.0,30259082.0,1990584774.0,3108.0,114.0,499.20122081992906
SSp-m5,brain,grey,Isocortex,SSp-m,77950.0,36652296.0,2555411180.0,2301.0,124.0,470.2026427196921
SSp-m6a,brain,grey,Isocortex,SSp-m,105706.0,33940857.0,3541202951.0,3392.0,76.0,321.08732711482793
SSp-m6b,brain,grey,Isocortex,SSp-m,7339.0,1159015.0,187782723.0,390.0,79.0,157.92546668483445
SSp-n1,brain,grey,Isocortex,SSp-n,25941.0,6522815.0,825734787.0,551.0,8.0,251.44809375120465
SSp-n2/3,brain,grey,Isocortex,SSp-n,40982.0,17175660.0,1342141502.0,1842.0,177.0,419.1025328192865
SSp-n4,brain,grey,Isocortex,SSp-n,35076.0,17376060.0,1147190590.0,3877.0,167.0,495.38316797810467
SSp-n5,brain,grey,Isocortex,SSp-n,36290.0,17910523.0,1180767949.0,3749.0,167.0,493.53879856709835
SSp-n6a,brain,grey,Isocortex,SSp-n,51512.0,17787252.0,1671989264.0,3871.0,75.0,345.30307501164776
SSp-n6b,brain,grey,Isocortex,SSp-n,3432.0,409499.0,51030577.0,306.0,56.0,119.31789044289044
SSp-tr1,brain,grey,Isocortex,SSp-tr,13081.0,4348061.0,434037787.0,499.0,12.0,332.39515327574344
SSp-tr2/3,brain,grey,Isocortex,SSp-tr,27121.0,10904661.0,907983641.0,1834.0,205.0,402.0744441576638
SSp-tr4,brain,grey,Isocortex,SSp-tr,9766.0,4586344.0,316196484.0,1308.0,290.0,469.6235920540651
SSp-tr5,brain,grey,Isocortex,SSp-tr,22607.0,9910162.0,767928524.0,1679.0,229.0,438.36696598398726
SSp-tr6a,brain,grey,Isocortex,SSp-tr,14877.0,5704977.0,483791947.0,2040.0,149.0,383.4763057067957
SSp-tr6b,brain,grey,Isocortex,SSp-tr,2195.0,519064.0,75447638.0,976.0,114.0,236.47562642369022
SSp-ul1,brain,grey,Isocortex,SSp-ul,29562.0,8716892.0,926152348.0,1014.0,8.0,294.8681415330492
SSp-ul2/3,brain,grey,Isocortex,SSp-ul,62626.0,26826908.0,2032658782.0,3018.0,85.0,428.3669402484591
SSp-ul4,brain,grey,Isocortex,SSp-ul,33490.0,17082798.0,1094037124.0,2891.0,147.0,510.08653329352046
SSp-ul5,brain,grey,Isocortex,SSp-ul,50676.0,24498048.0,1660714102.0,3663.0,153.0,483.425053279659
SSp-ul6a,brain,grey,Isocortex,SSp-ul,60229.0,21550426.0,1973990400.0,3827.0,59.0,357.8081322950738
SSp-ul6b,brain,grey,Isocortex,SSp-ul,4753.0,721054.0,105923440.0,623.0,51.0,151.70502840311383
SSp-un1,brain,grey,Isocortex,SSp-un,10635.0,3118759.0,311117691.0,467.0,29.0,293.2542548189939
SSp-un2/3,brain,grey,Isocortex,SSp-un,21205.0,8967983.0,690721365.0,2582.0,148.0,422.918321150672
SSp-un4,brain,grey,Isocortex,SSp-un,12030.0,5958468.0,388020590.0,2555.0,197.0,495.3007481296758
SSp-un5,brain,grey,Isocortex,SSp-un,16508.0,7886852.0,547431036.0,3619.0,157.0,477.7593893869639
SSp-un6a,brain,grey,Isocortex,SSp-un,18840.0,6873460.0,619337258.0,2528.0,87.0,364.8333333333333
SSp-un6b,brain,grey,Isocortex,SSp-un,1576.0,252038.0,36863972.0,416.0,65.0,159.92258883248732
SSs1,brain,grey,Isocortex,SSs,79837.0,17537614.0,2770815068.0,587.0,0.0,219.66774803662463
SSs2/3,brain,grey,Isocortex,SSs,137269.0,48573530.0,4504962010.0,2851.0,66.0,353.8565153093561
SSs4,brain,grey,Isocortex,SSs,74614.0,32092227.0,2362013501.0,2983.0,159.0,430.1099927627523
SSs5,brain,grey,Isocortex,SSs,139873.0,58216390.0,4622100634.0,2605.0,72.0,416.20891808998164
SSs6a,brain,grey,Isocortex,SSs,132739.0,38895394.0,4336321826.0,3658.0,75.0,293.02159877654645
SSs6b,brain,grey,Isocortex,SSs,13156.0,2386543.0,415733775.0,1383.0,64.0,181.4033900881727
STN,brain,grey,HY,STN,12463.0,2098320.0,350043040.0,433.0,39.0,168.3639573136484
STR-unassigned,brain,grey,STR,STR-unassigned,171564.0,43475822.0,5377761020.0,2447.0,1.0,253.40876873936256
SUB,brain,grey,HPF,SUB,134607.0,36756336.0,4341037402.0,2008.0,3.0,273.0640754195547
SUM,brain,grey,HY,SUM,16305.0,3239594.0,492095812.0,541.0,21.0,198.68715118061945
SUT,brain,grey,P,SUT,16640.0,2120202.0,287876132.0,251.0,49.0,127.41598557692308
SUV,brain,grey,MY,SUV,22659.0,1805433.0,161369315.0,438.0,19.0,79.67840593141798
Su3,brain,grey,MB,PAG,2686.0,479932.0,87668686.0,261.0,90.0,178.67907669396874
SubG,brain,grey,TH,SubG,1725.0,279513.0,46607269.0,296.0,65.0,162.03652173913042
TEa1,brain,grey,Isocortex,TEa,34006.0,7608911.0,1159076339.0,903.0,3.0,223.75201435040876
TEa2/3,brain,grey,Isocortex,TEa,44795.0,11007907.0,1573952215.0,1667.0,78.0,245.7396361201027
TEa4,brain,grey,Isocortex,TEa,19976.0,6379958.0,620308058.0,838.0,131.0,319.38115738886665
TEa5,brain,grey,Isocortex,TEa,60878.0,19323199.0,1837144671.0,1928.0,153.0,317.4085712408423
TEa6a,brain,grey,Isocortex,TEa,33590.0,9102033.0,1068728837.0,1695.0,92.0,270.9744864543019
TEa6b,brain,grey,Isocortex,TEa,5556.0,1123547.0,211441691.0,1108.0,50.0,202.22228221742262
TH-unassigned,brain,grey,TH,TH-unassigned,58834.0,9877289.0,1176941909.0,1074.0,15.0,167.8840296427236
TMd,brain,grey,HY,TMd,2243.0,347628.0,55090578.0,304.0,42.0,154.983504235399
TMv,brain,grey,HY,TMv,6931.0,1206736.0,217749652.0,287.0,10.0,174.10705525898138
TR,brain,grey,OLF,TR,89508.0,28929170.0,3004475930.0,1888.0,36.0,323.20206015104793
TRN,brain,grey,P,TRN,44144.0,2827409.0,221455831.0,198.0,12.0,64.04967832548024
TRS,brain,grey,PAL,TRS,22804.0,3066575.0,409053279.0,671.0,10.0,134.47531134888615
TTd,brain,grey,OLF,TT,46375.0,14091981.0,1494299745.0,1495.0,4.0,303.8702102425876
TTv,brain,grey,OLF,TT,46049.0,13675715.0,1441329041.0,967.0,14.0,296.9818019935286
TU,brain,grey,HY,TU,33500.0,5460416.0,929102152.0,302.0,5.0,162.99749253731343
UVU,brain,grey,CB,UVU,140247.0,42188323.0,4627640833.0,795.0,4.0,300.8144416636363
V,brain,grey,P,V,22692.0,2814436.0,390916248.0,323.0,12.0,124.02767495152477
V3-unassigned,brain,VS,V3,V3-unassigned,57603.0,3665056.0,405318538.0,494.0,0.0,63.62613058347655
V4-unassigned,brain,VS,V4,V4-unassigned,32104.0,1970987.0,217615445.0,474.0,0.0,61.39381385497134
V4r,brain,VS,V4,V4r,29653.0,1949013.0,190597835.0,485.0,1.0,65.72734630560146
VAL,brain,grey,TH,VAL,52314.0,11016386.0,1756719480.0,379.0,31.0,210.5819857017242
VCO,brain,grey,MY,VCO,65124.0,5704030.0,620045518.0,417.0,8.0,87.58721822983846
VI,brain,grey,MY,VI,1949.0,176680.0,19323894.0,259.0,13.0,90.6516162134428
VII,brain,grey,MY,VII,58708.0,6633732.0,879434126.0,322.0,9.0,112.99536690059277
VIIn-unassigned,brain,fiber tracts,cm,VIIn,5058.0,101545.0,2388429.0,71.0,5.0,20.076117042309214
VISC1,brain,grey,Isocortex,VISC,21663.0,4417384.0,740048952.0,436.0,3.0,203.91377002261922
VISC2/3,brain,grey,Isocortex,VISC,34556.0,9592851.0,1191507481.0,822.0,42.0,277.60305012154186
VISC4,brain,grey,Isocortex,VISC,11677.0,4230944.0,422057020.0,766.0,238.0,362.33142074162885
VISC5,brain,grey,Isocortex,VISC,45196.0,15190861.0,1521044833.0,2339.0,75.0,336.1107398884857
VISC6a,brain,grey,Isocortex,VISC,34317.0,8851449.0,1157166485.0,1056.0,21.0,257.93189964157705
VISC6b,brain,grey,Isocortex,VISC,3210.0,615931.0,107865613.0,351.0,36.0,191.87881619937696
VISa1,brain,grey,Isocortex,VISa,15284.0,5064616.0,503028224.0,534.0,13.0,331.3671813661345
VISa2/3,brain,grey,Isocortex,VISa,27287.0,10456828.0,900581206.0,1582.0,173.0,383.2164767105215
VISa4,brain,grey,Isocortex,VISa,9933.0,4481697.0,317617397.0,2296.0,235.0,451.19269102990035
VISa5,brain,grey,Isocortex,VISa,22713.0,9538555.0,752757429.0,3367.0,135.0,419.9601549773258
VISa6a,brain,grey,Isocortex,VISa,14266.0,5314701.0,463599211.0,2395.0,140.0,372.5431795878312
VISa6b,brain,grey,Isocortex,VISa,2548.0,601623.0,90854143.0,589.0,127.0,236.1157770800628
VISal1,brain,grey,Isocortex,VISal,7502.0,1896938.0,254268224.0,469.0,37.0,252.8576379632098
VISal2/3,brain,grey,Isocortex,VISal,12714.0,4138357.0,425891541.0,3270.0,160.0,325.49606732735566
VISal4,brain,grey,Isocortex,VISal,6639.0,2693106.0,212912366.0,1192.0,261.0,405.64934478084047
VISal5,brain,grey,Isocortex,VISal,13011.0,4889503.0,429443433.0,1660.0,198.0,375.7976327722696
VISal6a,brain,grey,Isocortex,VISal,7147.0,2184953.0,208015183.0,2518.0,181.0,305.7161046592976
VISal6b,brain,grey,Isocortex,VISal,1422.0,290769.0,54615309.0,580.0,72.0,204.4789029535865
VISam1,brain,grey,Isocortex,VISam,8602.0,2992541.0,284120375.0,594.0,15.0,347.8889793071379
VISam2/3,brain,grey,Isocortex,VISam,13301.0,4636856.0,439912840.0,1351.0,165.0,348.609578227201
VISam4,brain,grey,Isocortex,VISam,3859.0,1606578.0,130646364.0,2136.0,214.0,416.3197719616481
VISam5,brain,grey,Isocortex,VISam,14542.0,5719190.0,464096970.0,2331.0,162.0,393.2877183331041
VISam6a,brain,grey,Isocortex,VISam,8702.0,3016489.0,288579105.0,1537.0,97.0,346.6431854746035
VISam6b,brain,grey,Isocortex,VISam,1595.0,326720.0,54658000.0,613.0,86.0,204.84012539184954
VISl1,brain,grey,Isocortex,VISl,11854.0,2822479.0,412091399.0,493.0,20.0,238.1035093639278
VISl2/3,brain,grey,Isocortex,VISl,19298.0,6237923.0,659946341.0,2707.0,148.0,323.24194217017305
VISl4,brain,grey,Isocortex,VISl,11472.0,4643914.0,376703072.0,2178.0,244.0,404.8042189679219
VISl5,brain,grey,Isocortex,VISl,20110.0,7328321.0,701481967.0,1747.0,177.0,364.4117851815017
VISl6a,brain,grey,Isocortex,VISl,13260.0,4072654.0,385855896.0,2776.0,162.0,307.1383107088989
VISl6b,brain,grey,Isocortex,VISl,2465.0,535924.0,95594132.0,923.0,106.0,217.4133874239351
VISli1,brain,grey,Isocortex,VISli,4778.0,1071341.0,169070041.0,359.0,26.0,224.2237337798242
VISli2/3,brain,grey,Isocortex,VISli,7498.0,2090362.0,273811496.0,893.0,147.0,278.78927714057085
VISli4,brain,grey,Isocortex,VISli,3653.0,1309462.0,130281666.0,1060.0,220.0,358.4620859567479
VISli5,brain,grey,Isocortex,VISli,9489.0,3311326.0,322457114.0,813.0,222.0,348.9646959637475
VISli6a,brain,grey,Isocortex,VISli,5080.0,1536435.0,139761061.0,837.0,194.0,302.4478346456693
VISli6b,brain,grey,Isocortex,VISli,1027.0,236605.0,42161477.0,623.0,142.0,230.3846153846154
VISp1,brain,grey,Isocortex,VISp,80747.0,23211920.0,2579214522.0,1347.0,9.0,287.46479745377536
VISp2/3,brain,grey,Isocortex,VISp,127983.0,51940457.0,4157118801.0,2738.0,131.0,405.83872076760196
VISp4,brain,grey,Isocortex,VISp,65560.0,30452955.0,2158736309.0,5228.0,117.0,464.50510982306287
VISp5,brain,grey,Isocortex,VISp,99343.0,38246860.0,3293820046.0,3267.0,120.0,384.99803710377176
VISp6a,brain,grey,Isocortex,VISp,68387.0,22413761.0,2143826837.0,2608.0,113.0,327.7488557766827
VISp6b,brain,grey,Isocortex,VISp,10644.0,2517613.0,389357001.0,2082.0,87.0,236.52884254039836
VISpl1,brain,grey,Isocortex,VISpl,12115.0,3208681.0,404362401.0,1163.0,21.0,264.85191910854314
VISpl2/3,brain,grey,Isocortex,VISpl,13341.0,3791387.0,459843635.0,1781.0,99.0,284.1906153961472
VISpl4,brain,grey,Isocortex,VISpl,2308.0,799793.0,81573263.0,1032.0,178.0,346.53076256499133
VISpl5,brain,grey,Isocortex,VISpl,15560.0,4910124.0,501941846.0,2618.0,151.0,315.56066838046274
VISpl6a,brain,grey,Isocortex,VISpl,6870.0,2027162.0,223177344.0,2426.0,131.0,295.0745269286754
VISpl6b,brain,grey,Isocortex,VISpl,551.0,118825.0,20641795.0,463.0,129.0,215.65335753176043
VISpm1,brain,grey,Isocortex,VISpm,12049.0,3927442.0,395600628.0,590.0,23.0,325.9558469582538
VISpm2/3,brain,grey,Isocortex,VISpm,18770.0,6504415.0,604877861.0,2181.0,134.0,346.5324986680874
VISpm4,brain,grey,Isocortex,VISpm,6309.0,2642747.0,201646497.0,1282.0,257.0,418.88524330321764
VISpm5,brain,grey,Isocortex,VISpm,18275.0,6932183.0,602866559.0,1253.0,201.0,379.32601915184676
VISpm6a,brain,grey,Isocortex,VISpm,9662.0,3387892.0,323295038.0,1426.0,147.0,350.6408611053612
VISpm6b,brain,grey,Isocortex,VISpm,1794.0,444011.0,64635627.0,1029.0,120.0,247.49777034559642
VISpor1,brain,grey,Isocortex,VISpor,16026.0,3506299.0,584083525.0,736.0,24.0,218.78815674528892
VISpor2/3,brain,grey,Isocortex,VISpor,23927.0,5821661.0,854563863.0,833.0,87.0,243.3092740418774
VISpor4,brain,grey,Isocortex,VISpor,3872.0,1322227.0,140410123.0,953.0,197.0,341.4842458677686
VISpor5,brain,grey,Isocortex,VISpor,24639.0,7728180.0,737219946.0,1532.0,154.0,313.6563983927919
VISpor6a,brain,grey,Isocortex,VISpor,11541.0,3449054.0,320434948.0,2070.0,148.0,298.8522658348497
VISpor6b,brain,grey,Isocortex,VISpor,2090.0,477599.0,80612305.0,1128.0,86.0,228.51626794258374
VISrl1,brain,grey,Isocortex,VISrl,10858.0,3233914.0,331961212.0,506.0,37.0,297.8369865536931
VISrl2/3,brain,grey,Isocortex,VISrl,17648.0,6954938.0,564360602.0,1873.0,207.0,394.09213508612874
VISrl4,brain,grey,Isocortex,VISrl,9373.0,4337464.0,309055574.0,3923.0,233.0,462.76154913048117
VISrl5,brain,grey,Isocortex,VISrl,15623.0,6796621.0,512289023.0,2309.0,170.0,435.03942904691803
VISrl6a,brain,grey,Isocortex,VISrl,9688.0,3514431.0,312849957.0,1752.0,120.0,362.76125103220477
VISrl6b,brain,grey,Isocortex,VISrl,1835.0,404150.0,65393332.0,431.0,106.0,220.24523160762942
VL-unassigned,brain,VS,VL,VL-unassigned,137710.0,7251781.0,764914363.0,853.0,0.0,52.659799578825066
VLPO,brain,grey,HY,VLPO,4291.0,686235.0,115824557.0,281.0,20.0,159.9242600792356
VM,brain,grey,TH,VM,59299.0,10280200.0,1511308110.0,720.0,21.0,173.3621140322771
VMH,brain,grey,HY,VMH,35169.0,7505790.0,1320626768.0,611.0,83.0,213.42062611959395
VMPO,brain,grey,HY,VMPO,3210.0,502701.0,82635223.0,250.0,29.0,156.60467289719625
VPL,brain,grey,TH,VPL,56111.0,7668005.0,1145197691.0,521.0,20.0,136.65778546096132
VPLpc,brain,grey,TH,VPLpc,6326.0,992751.0,166604279.0,333.0,31.0,156.9318684792918
VPM,brain,grey,TH,VPM,105262.0,18894388.0,3178795084.0,630.0,33.0,179.49866048526533
VPMpc,brain,grey,TH,VPMpc,13716.0,3384648.0,496219606.0,495.0,90.0,246.76640419947506
VTA,brain,grey,MB,VTA,27365.0,3760139.0,582607867.0,347.0,20.0,137.40687008953043
VTN,brain,grey,MB,VTN,2418.0,323240.0,48833272.0,264.0,9.0,133.68072787427627
VeCB,brain,grey,CB,VeCB,5451.0,248039.0,12990805.0,155.0,20.0,45.50339387268391
XII,brain,grey,MY,XII,18007.0,3639802.0,648349582.0,369.0,87.0,202.13261509413007
Xi,brain,grey,TH,Xi,5588.0,2324583.0,186636817.0,1140.0,122.0,415.99552612741587
ZI-unassigned,brain,grey,HY,ZI,99806.0,17115503.0,2315073763.0,571.0,28.0,171.48771616936858
aco,brain,fiber tracts,cm,In,47418.0,2033447.0,117693275.0,343.0,9.0,42.883440887426715
act,brain,fiber tracts,mfbs,mfbc,13607.0,1456704.0,175014652.0,1396.0,23.0,107.05548614683619
alv,brain,fiber tracts,mfbs,mfbc,89906.0,12184883.0,1689896611.0,942.0,3.0,135.52914154783886
amc,brain,fiber tracts,mfbs,mfbc,10521.0,2261867.0,321332205.0,1457.0,21.0,214.98593289611253
ar,brain,fiber tracts,lfbs,lfbst,7405.0,439896.0,32849510.0,194.0,16.0,59.4052667116813
arb,brain,fiber tracts,cbf,arb,442961.0,31884014.0,3730933368.0,428.0,5.0,71.97928034296473
bic,brain,fiber tracts,cm,VIIIn,15797.0,1107816.0,101306668.0,405.0,4.0,70.12825219978477
brain-unassigned,brain,brain-unassigned,brain-unassigned,brain-unassigned,227696.0,11986475.0,1149550449.0,667.0,0.0,52.64244870353454
bsc,brain,fiber tracts,cm,IIn,12763.0,617894.0,41002976.0,248.0,5.0,48.412912324688556
c,brain,VS,c,c,31.0,4279.0,622471.0,173.0,62.0,138.03225806451613
cbc,brain,fiber tracts,cbf,cbc,4378.0,76236.0,2437936.0,141.0,6.0,17.413430790315214
ccb,brain,fiber tracts,lfbs,cc,198753.0,13767904.0,1183285494.0,678.0,5.0,69.27142734952429
ccg,brain,fiber tracts,lfbs,cc,53119.0,4112171.0,395934551.0,591.0,11.0,77.41431502852087
ccs,brain,fiber tracts,lfbs,cc,60550.0,3855599.0,307194353.0,269.0,11.0,63.67628406275805
chpl,brain,VS,VL,chpl,92456.0,3141259.0,189276253.0,427.0,0.0,33.97571817945834
cic,brain,fiber tracts,cm,VIIIn,1152.0,216414.0,39809444.0,285.0,89.0,187.859375
cing,brain,fiber tracts,mfbs,mfbc,80922.0,6267492.0,628861180.0,2155.0,15.0,77.45102691480685
cpd,brain,fiber tracts,lfbs,cst,56468.0,1436575.0,68483477.0,286.0,2.0,25.440514981936673
csc,brain,fiber tracts,cm,IIn,1753.0,192465.0,22030397.0,208.0,46.0,109.79178551055334
cst-unassigned,brain,fiber tracts,lfbs,cst,5378.0,114601.0,2685037.0,56.0,8.0,21.309222759390106
cuf,brain,fiber tracts,cm,drt,1427.0,38811.0,1270729.0,114.0,12.0,27.19761737911703
das,brain,fiber tracts,cm,VIIIn,773.0,38350.0,2227868.0,140.0,13.0,49.61190168175938
df,brain,fiber tracts,mfbs,mfbc,2395.0,88878.0,4997524.0,259.0,13.0,37.109812108559495
dhc,brain,fiber tracts,mfbs,mfbc,60981.0,3992017.0,323592777.0,243.0,7.0,65.4632918450009
dtd,brain,fiber tracts,eps,tsp,359.0,11716.0,499360.0,96.0,10.0,32.63509749303621
ee,brain,fiber tracts,lfbs,cc,5982.0,1608841.0,223253785.0,1885.0,88.0,268.94700768973587
em,brain,fiber tracts,lfbs,lfbst,7629.0,853868.0,113210482.0,711.0,18.0,111.92397430855945
fa,brain,fiber tracts,lfbs,cc,121789.0,15419258.0,1901081738.0,1902.0,10.0,126.60632733662318
fi,brain,fiber tracts,mfbs,mfbc,96857.0,8667344.0,1124518492.0,1115.0,2.0,89.4859844926025
fiber tracts-unassigned,brain,fiber tracts,fiber tracts-unassigned,fiber tracts-unassigned,99413.0,5773916.0,524138936.0,685.0,0.0,58.08009012905757
fp,brain,fiber tracts,lfbs,cc,103516.0,6397638.0,530820566.0,1123.0,12.0,61.803373391552995
fr,brain,fiber tracts,mfbs,mfsbshy,10681.0,849795.0,75705397.0,291.0,28.0,79.56137065817808
fx,brain,fiber tracts,mfbs,mfbc,17218.0,1656585.0,190639065.0,334.0,23.0,96.2123940062725
gVIIn,brain,fiber tracts,cm,VIIn,1845.0,30905.0,716167.0,98.0,6.0,16.75067750677507
hbc,brain,fiber tracts,mfbs,mfsbshy,3041.0,197118.0,19949498.0,354.0,1.0,64.82012495889511
icp,brain,fiber tracts,cbf,cbp,55640.0,646007.0,8990961.0,181.0,1.0,11.61047807332854
int,brain,fiber tracts,lfbs,cst,152172.0,5485687.0,294722035.0,537.0,5.0,36.04925347632942
ll,brain,fiber tracts,cm,VIIIn,53354.0,2706948.0,180584988.0,386.0,2.0,50.73561494920718
lot,brain,fiber tracts,cm,In,56399.0,4745648.0,558019596.0,1411.0,2.0,84.14418695366939
lotd,brain,fiber tracts,cm,In,8151.0,894048.0,99189718.0,521.0,23.0,109.68568273831431
mcp,brain,fiber tracts,cbf,cbp,69910.0,692788.0,8992074.0,116.0,1.0,9.909712487483908
mct,brain,fiber tracts,mfbs,mfbc,522.0,117544.0,18840496.0,421.0,107.0,225.18007662835248
mfb,brain,fiber tracts,mfbs,mfsbshy,3186.0,459250.0,70260870.0,282.0,64.0,144.14626490897678
ml,brain,fiber tracts,cm,drt,39725.0,1259056.0,50151994.0,121.0,6.0,31.694298300818126
mlf,brain,fiber tracts,cm,IIIn,9452.0,191889.0,5888387.0,149.0,7.0,20.30141768937791
moV,brain,fiber tracts,cm,Vn,3816.0,24601.0,208745.0,59.0,2.0,6.446802935010482
mp,brain,fiber tracts,mfbs,mfsbshy,2062.0,88936.0,5128146.0,185.0,10.0,43.13094083414161
mtg,brain,fiber tracts,mfbs,mfsbshy,3593.0,213847.0,18963279.0,187.0,9.0,59.517673253548566
mtt,brain,fiber tracts,mfbs,mfsbshy,8278.0,670945.0,71744571.0,349.0,16.0,81.05158250785213
nst,brain,fiber tracts,eps,epsc,7192.0,711163.0,86397147.0,285.0,15.0,98.88250834260289
och,brain,fiber tracts,cm,IIn,19633.0,271546.0,4836932.0,72.0,2.0,13.831100697804716
onl,brain,fiber tracts,cm,In,265144.0,32986874.0,5057156046.0,5187.0,0.0,124.41116525359804
opt,brain,fiber tracts,cm,IIn,44749.0,801332.0,23698248.0,231.0,0.0,17.907260497441282
or,brain,fiber tracts,lfbs,lfbst,13562.0,973214.0,89279678.0,466.0,8.0,71.76035982893379
pc,brain,fiber tracts,cm,IIIn,3358.0,207312.0,16253836.0,210.0,14.0,61.736748064324004
pm,brain,fiber tracts,mfbs,mfsbshy,2127.0,225549.0,25906539.0,270.0,41.0,106.04090267983075
py,brain,fiber tracts,lfbs,cst,35873.0,307322.0,2857696.0,29.0,1.0,8.566944498648008
pyd,brain,fiber tracts,lfbs,cst,4412.0,55707.0,858435.0,39.0,2.0,12.626246600181323
rust-unassigned,brain,fiber tracts,eps,rust,36422.0,837395.0,29060789.0,147.0,4.0,22.99146120476635
sV,brain,fiber tracts,cm,Vn,148776.0,991117.0,10412681.0,91.0,0.0,6.661807011883637
scp,brain,fiber tracts,cbf,cbp,55643.0,1240535.0,42499179.0,205.0,3.0,22.29453839656381
scwm-unassigned,brain,fiber tracts,scwm,scwm-unassigned,125428.0,12733857.0,1490224835.0,1944.0,19.0,101.52324042478554
sm,brain,fiber tracts,mfbs,mfsbshy,17293.0,1998325.0,257130433.0,444.0,6.0,115.55687272306713
st,brain,fiber tracts,mfbs,mfbc,23628.0,2565331.0,321085113.0,816.0,13.0,108.57165227695954
sup,brain,fiber tracts,mfbs,mfsbshy,1672.0,110835.0,8540823.0,160.0,13.0,66.28887559808612
tb,brain,fiber tracts,cm,VIIIn,22046.0,333835.0,7840301.0,65.0,1.0,15.142656264174907
ts,brain,fiber tracts,cm,Xn,599.0,60205.0,6483237.0,184.0,45.0,100.50918196994992
tspc,brain,fiber tracts,eps,tsp,32266.0,988127.0,36766019.0,106.0,1.0,30.624403396764396
tspd,brain,fiber tracts,eps,tsp,1.0,9.0,81.0,9.0,9.0,9.0
vVIIIn,brain,fiber tracts,cm,VIIIn,16023.0,148393.0,1589285.0,40.0,2.0,9.261249453910004
vhc,brain,fiber tracts,mfbs,mfbc,4226.0,241634.0,16319412.0,198.0,13.0,57.177946048272595
von,brain,fiber tracts,cm,von,862.0,64615.0,7031433.0,391.0,6.0,74.95939675174014
vtd,brain,fiber tracts,eps,rust,2380.0,61408.0,1781744.0,76.0,11.0,25.80168067226891
x,brain,grey,MY,x,3646.0,326006.0,34245440.0,241.0,20.0,89.41470104223806
y,brain,grey,MY,y,1501.0,238854.0,34316596.0,491.0,45.0,159.12991339107262
